SampleID,SampleName,MarkerID,Haplotype,Reads,Frequency
AR-002-0,AR-002-0,Chr03,Chr03-1,4965,0.993
AR-002-0,AR-002-0,Chr03,Noise,0,0
AR-002-0,AR-002-0,Chr03,Singelton,35,0.007
AR-002-0-FP,AR-002-0-FP,Chr03,NA,0,NaN
AR-002-84-FP,AR-002-84-FP,Chr03,Chimera,2,4.00E-04
AR-002-84-FP,AR-002-84-FP,Chr03,Chr03-1,4903,0.9806
AR-002-84-FP,AR-002-84-FP,Chr03,Chr03-3,13,0.0026
AR-002-84-FP,AR-002-84-FP,Chr03,Noise,0,0
AR-002-84-FP,AR-002-84-FP,Chr03,Singelton,82,0.0164
AR-004-0,AR-004-0,Chr03,Chr03-1,9,0.0018
AR-004-0,AR-004-0,Chr03,Indels,4974,0.9948
AR-004-0,AR-004-0,Chr03,Noise,0,0
AR-004-0,AR-004-0,Chr03,Singelton,17,0.0034
AR-004-0-FP,AR-004-0-FP,Chr03,Indels,4978,0.9956
AR-004-0-FP,AR-004-0-FP,Chr03,Noise,0,0
AR-004-0-FP,AR-004-0-FP,Chr03,Singelton,22,0.0044
AR-004-168-FP,AR-004-168-FP,Chr03,NA,0,NaN
AR-005-0,AR-005-0,Chr03,Chimera,10,0.002
AR-005-0,AR-005-0,Chr03,Chr03-1,29,0.0058
AR-005-0,AR-005-0,Chr03,Chr03-2,4820,0.964
AR-005-0,AR-005-0,Chr03,Indels,61,0.0122
AR-005-0,AR-005-0,Chr03,Noise,0,0
AR-005-0,AR-005-0,Chr03,Singelton,80,0.016
AR-005-0-FP,AR-005-0-FP,Chr03,Chimera,6,0.0012
AR-005-0-FP,AR-005-0-FP,Chr03,Chr03-1,6,0.0012
AR-005-0-FP,AR-005-0-FP,Chr03,Chr03-2,4914,0.9828
AR-005-0-FP,AR-005-0-FP,Chr03,Indels,40,0.008
AR-005-0-FP,AR-005-0-FP,Chr03,Noise,0,0
AR-005-0-FP,AR-005-0-FP,Chr03,Singelton,34,0.0068
AR-006-0,AR-006-0,Chr03,Chr03-1,41,0.0082
AR-006-0,AR-006-0,Chr03,Chr03-3,4431,0.8862
AR-006-0,AR-006-0,Chr03,Chr03-4,9,0.0018
AR-006-0,AR-006-0,Chr03,Indels,483,0.0966
AR-006-0,AR-006-0,Chr03,Noise,0,0
AR-006-0,AR-006-0,Chr03,Singelton,36,0.0072
AR-006-0-FP,AR-006-0-FP,Chr03,Chr03-3,4643,0.9286
AR-006-0-FP,AR-006-0-FP,Chr03,Chr03-4,5,0.001
AR-006-0-FP,AR-006-0-FP,Chr03,Indels,317,0.0634
AR-006-0-FP,AR-006-0-FP,Chr03,Noise,0,0
AR-006-0-FP,AR-006-0-FP,Chr03,Singelton,35,0.007
AR-009-0,AR-009-0,Chr03,Chr03-1,36,0.0072
AR-009-0,AR-009-0,Chr03,Indels,4945,0.989
AR-009-0,AR-009-0,Chr03,Noise,0,0
AR-009-0,AR-009-0,Chr03,Singelton,19,0.0038
AR-009-0-FP,AR-009-0-FP,Chr03,Indels,4981,0.9962
AR-009-0-FP,AR-009-0-FP,Chr03,Noise,0,0
AR-009-0-FP,AR-009-0-FP,Chr03,Singelton,19,0.0038
AR-011-0,AR-011-0,Chr03,Chimera,15,0.003
AR-011-0,AR-011-0,Chr03,Chr03-1,475,0.095
AR-011-0,AR-011-0,Chr03,Chr03-2,63,0.0126
AR-011-0,AR-011-0,Chr03,Indels,4400,0.88
AR-011-0,AR-011-0,Chr03,Noise,21,0.0042
AR-011-0,AR-011-0,Chr03,Singelton,26,0.0052
AR-011-0-FP,AR-011-0-FP,Chr03,Indels,4985,0.997
AR-011-0-FP,AR-011-0-FP,Chr03,Noise,0,0
AR-011-0-FP,AR-011-0-FP,Chr03,Singelton,15,0.003
AR-013-0,AR-013-0,Chr03,Chr03-1,4973,0.9946
AR-013-0,AR-013-0,Chr03,Noise,0,0
AR-013-0,AR-013-0,Chr03,Singelton,27,0.0054
AR-013-0-FP,AR-013-0-FP,Chr03,Chr03-1,4965,0.993
AR-013-0-FP,AR-013-0-FP,Chr03,Noise,0,0
AR-013-0-FP,AR-013-0-FP,Chr03,Singelton,35,0.007
AR-013-1-FP,AR-013-1-FP,Chr03,Chr03-1,4947,0.9894
AR-013-1-FP,AR-013-1-FP,Chr03,Noise,0,0
AR-013-1-FP,AR-013-1-FP,Chr03,Singelton,53,0.0106
AR-013-168-FP,AR-013-168-FP,Chr03,Chr03-1,4974,0.9948
AR-013-168-FP,AR-013-168-FP,Chr03,Noise,0,0
AR-013-168-FP,AR-013-168-FP,Chr03,Singelton,26,0.0052
AR-013-2-FP,AR-013-2-FP,Chr03,Chr03-1,4941,0.9882
AR-013-2-FP,AR-013-2-FP,Chr03,Indels,16,0.0032
AR-013-2-FP,AR-013-2-FP,Chr03,Noise,0,0
AR-013-2-FP,AR-013-2-FP,Chr03,Singelton,43,0.0086
AR-016-0,AR-016-0,Chr03,Chr03-1,4930,0.986
AR-016-0,AR-016-0,Chr03,Indels,23,0.0046
AR-016-0,AR-016-0,Chr03,Noise,2,4.00E-04
AR-016-0,AR-016-0,Chr03,Singelton,45,0.009
AR-016-70-FP,AR-016-70-FP,Chr03,Chr03-1,4973,0.9946
AR-016-70-FP,AR-016-70-FP,Chr03,Noise,0,0
AR-016-70-FP,AR-016-70-FP,Chr03,Singelton,27,0.0054
AR-016-84-FP,AR-016-84-FP,Chr03,Chr03-1,4969,0.9938
AR-016-84-FP,AR-016-84-FP,Chr03,Noise,0,0
AR-016-84-FP,AR-016-84-FP,Chr03,Singelton,31,0.0062
AR-019-0,AR-019-0,Chr03,Chr03-1,8,0.0016
AR-019-0,AR-019-0,Chr03,Indels,4975,0.995
AR-019-0,AR-019-0,Chr03,Noise,0,0
AR-019-0,AR-019-0,Chr03,Singelton,17,0.0034
AR-019-0-FP,AR-019-0-FP,Chr03,Indels,4979,0.9958
AR-019-0-FP,AR-019-0-FP,Chr03,Noise,0,0
AR-019-0-FP,AR-019-0-FP,Chr03,Singelton,21,0.0042
AR-021-0,AR-021-0,Chr03,Indels,4982,0.9964
AR-021-0,AR-021-0,Chr03,Noise,0,0
AR-021-0,AR-021-0,Chr03,Singelton,18,0.0036
AR-021-0-FP,AR-021-0-FP,Chr03,Chr03-1,4956,0.9912
AR-021-0-FP,AR-021-0-FP,Chr03,Chr03-2,11,0.0022
AR-021-0-FP,AR-021-0-FP,Chr03,Indels,1,2.00E-04
AR-021-0-FP,AR-021-0-FP,Chr03,Noise,0,0
AR-021-0-FP,AR-021-0-FP,Chr03,Singelton,32,0.0064
AR-042-0,AR-042-0,Chr03,Chr03-1,4916,0.9832
AR-042-0,AR-042-0,Chr03,Chr03-2,23,0.0046
AR-042-0,AR-042-0,Chr03,Noise,0,0
AR-042-0,AR-042-0,Chr03,Singelton,61,0.0122
AR-042-0-FP,AR-042-0-FP,Chr03,NA,0,NaN
AR-045-0,AR-045-0,Chr03,NA,0,NaN
AR-045-0-FP,AR-045-0-FP,Chr03,Chr03-1,10,0.002
AR-045-0-FP,AR-045-0-FP,Chr03,Chr03-2,4918,0.9836
AR-045-0-FP,AR-045-0-FP,Chr03,Noise,0,0
AR-045-0-FP,AR-045-0-FP,Chr03,Singelton,72,0.0144
AR-045-0-R,AR-045-0-R,Chr03,Chr03-2,4963,0.9926
AR-045-0-R,AR-045-0-R,Chr03,Noise,0,0
AR-045-0-R,AR-045-0-R,Chr03,Singelton,37,0.0074
AR-056-0,AR-056-0,Chr03,Chr03-1,5,0.001
AR-056-0,AR-056-0,Chr03,Chr03-2,4972,0.9944
AR-056-0,AR-056-0,Chr03,Noise,0,0
AR-056-0,AR-056-0,Chr03,Singelton,23,0.0046
AR-056-0-FP,AR-056-0-FP,Chr03,Chr03-1,4949,0.9898
AR-056-0-FP,AR-056-0-FP,Chr03,Noise,0,0
AR-056-0-FP,AR-056-0-FP,Chr03,Singelton,51,0.0102
AR-056-56-FP,AR-056-56-FP,Chr03,Chr03-1,15,0.003
AR-056-56-FP,AR-056-56-FP,Chr03,Chr03-2,4960,0.992
AR-056-56-FP,AR-056-56-FP,Chr03,Noise,0,0
AR-056-56-FP,AR-056-56-FP,Chr03,Singelton,25,0.005
AR-064-0,AR-064-0,Chr03,Chimera,1,2.00E-04
AR-064-0,AR-064-0,Chr03,Chr03-1,4975,0.995
AR-064-0,AR-064-0,Chr03,Noise,0,0
AR-064-0,AR-064-0,Chr03,Singelton,24,0.0048
AR-064-0-FP,AR-064-0-FP,Chr03,Chr03-1,4966,0.9932
AR-064-0-FP,AR-064-0-FP,Chr03,Noise,0,0
AR-064-0-FP,AR-064-0-FP,Chr03,Singelton,34,0.0068
AR-064-56-FP,AR-064-56-FP,Chr03,NA,0,NaN
AR-064-70-FP,AR-064-70-FP,Chr03,Chr03-1,4110,0.822
AR-064-70-FP,AR-064-70-FP,Chr03,Chr03-2,860,0.172
AR-064-70-FP,AR-064-70-FP,Chr03,Noise,0,0
AR-064-70-FP,AR-064-70-FP,Chr03,Singelton,30,0.006
AR-066-0,AR-066-0,Chr03,Chr03-1,4971,0.9942
AR-066-0,AR-066-0,Chr03,Indels,1,2.00E-04
AR-066-0,AR-066-0,Chr03,Noise,0,0
AR-066-0,AR-066-0,Chr03,Singelton,28,0.0056
AR-066-0-FP,AR-066-0-FP,Chr03,Chr03-1,4965,0.993
AR-066-0-FP,AR-066-0-FP,Chr03,Noise,0,0
AR-066-0-FP,AR-066-0-FP,Chr03,Singelton,35,0.007
AR-066-1-FP,AR-066-1-FP,Chr03,Chr03-1,4923,0.9846
AR-066-1-FP,AR-066-1-FP,Chr03,Noise,0,0
AR-066-1-FP,AR-066-1-FP,Chr03,Singelton,77,0.0154
AR-066-140-FP,AR-066-140-FP,Chr03,Chr03-1,4859,0.9718
AR-066-140-FP,AR-066-140-FP,Chr03,Chr03-2,101,0.0202
AR-066-140-FP,AR-066-140-FP,Chr03,Noise,0,0
AR-066-140-FP,AR-066-140-FP,Chr03,Singelton,40,0.008
AR-066-168-FP,AR-066-168-FP,Chr03,Chr03-1,4961,0.9922
AR-066-168-FP,AR-066-168-FP,Chr03,Noise,0,0
AR-066-168-FP,AR-066-168-FP,Chr03,Singelton,39,0.0078
AR-067-0,AR-067-0,Chr03,Chr03-1,4957,0.9914
AR-067-0,AR-067-0,Chr03,Noise,0,0
AR-067-0,AR-067-0,Chr03,Singelton,43,0.0086
AR-067-0-FP,AR-067-0-FP,Chr03,Chr03-1,1685,0.337
AR-067-0-FP,AR-067-0-FP,Chr03,Chr03-2,3295,0.659
AR-067-0-FP,AR-067-0-FP,Chr03,Noise,0,0
AR-067-0-FP,AR-067-0-FP,Chr03,Singelton,20,0.004
AR-077-0,AR-077-0,Chr03,Chr03-1,1722,0.3444
AR-077-0,AR-077-0,Chr03,Chr03-2,3259,0.6518
AR-077-0,AR-077-0,Chr03,Indels,3,6.00E-04
AR-077-0,AR-077-0,Chr03,Noise,0,0
AR-077-0,AR-077-0,Chr03,Singelton,16,0.0032
AR-077-112-FP,AR-077-112-FP,Chr03,NA,0,NaN
AR-078-0,AR-078-0,Chr03,Chr03-1,4940,0.988
AR-078-0,AR-078-0,Chr03,Indels,24,0.0048
AR-078-0,AR-078-0,Chr03,Noise,0,0
AR-078-0,AR-078-0,Chr03,Singelton,36,0.0072
AR-082-0,AR-082-0,Chr03,Chr03-1,56,0.0112
AR-082-0,AR-082-0,Chr03,Chr03-2,4860,0.972
AR-082-0,AR-082-0,Chr03,Chr03-3,5,0.001
AR-082-0,AR-082-0,Chr03,Noise,0,0
AR-082-0,AR-082-0,Chr03,Singelton,79,0.0158
AR-082-0-FP,AR-082-0-FP,Chr03,Chr03-1,4973,0.9946
AR-082-0-FP,AR-082-0-FP,Chr03,Noise,0,0
AR-082-0-FP,AR-082-0-FP,Chr03,Singelton,27,0.0054
AR-083-0,AR-083-0,Chr03,Chr03-1,4963,0.9926
AR-083-0,AR-083-0,Chr03,Indels,7,0.0014
AR-083-0,AR-083-0,Chr03,Noise,3,6.00E-04
AR-083-0,AR-083-0,Chr03,Singelton,27,0.0054
AR-083-0-FP,AR-083-0-FP,Chr03,Chr03-1,4948,0.9896
AR-083-0-FP,AR-083-0-FP,Chr03,Noise,0,0
AR-083-0-FP,AR-083-0-FP,Chr03,Singelton,52,0.0104
AR-083-1-FP,AR-083-1-FP,Chr03,Chr03-1,4963,0.9926
AR-083-1-FP,AR-083-1-FP,Chr03,Noise,0,0
AR-083-1-FP,AR-083-1-FP,Chr03,Singelton,37,0.0074
AR-083-42-FP,AR-083-42-FP,Chr03,Chr03-1,4924,0.9848
AR-083-42-FP,AR-083-42-FP,Chr03,Noise,0,0
AR-083-42-FP,AR-083-42-FP,Chr03,Singelton,76,0.0152
AR-083-56-FP,AR-083-56-FP,Chr03,Chr03-1,3732,0.7464
AR-083-56-FP,AR-083-56-FP,Chr03,Chr03-2,1245,0.249
AR-083-56-FP,AR-083-56-FP,Chr03,Noise,0,0
AR-083-56-FP,AR-083-56-FP,Chr03,Singelton,23,0.0046
AR-093-0,AR-093-0,Chr03,Chr03-1,4951,0.9902
AR-093-0,AR-093-0,Chr03,Indels,15,0.003
AR-093-0,AR-093-0,Chr03,Noise,0,0
AR-093-0,AR-093-0,Chr03,Singelton,34,0.0068
AR-093-0-FP,AR-093-0-FP,Chr03,Chr03-1,4955,0.991
AR-093-0-FP,AR-093-0-FP,Chr03,Noise,0,0
AR-093-0-FP,AR-093-0-FP,Chr03,Singelton,45,0.009
AR-102-0,AR-102-0,Chr03,Chr03-1,4957,0.9914
AR-102-0,AR-102-0,Chr03,Noise,0,0
AR-102-0,AR-102-0,Chr03,Singelton,43,0.0086
AR-102-0-FP,AR-102-0-FP,Chr03,Chimera,1,2.00E-04
AR-102-0-FP,AR-102-0-FP,Chr03,Chr03-1,4966,0.9932
AR-102-0-FP,AR-102-0-FP,Chr03,Noise,0,0
AR-102-0-FP,AR-102-0-FP,Chr03,Singelton,33,0.0066
AR-102-2-FP,AR-102-2-FP,Chr03,NA,0,NaN
AR-102-70-FP,AR-102-70-FP,Chr03,Chr03-1,4950,0.99
AR-102-70-FP,AR-102-70-FP,Chr03,Noise,0,0
AR-102-70-FP,AR-102-70-FP,Chr03,Singelton,50,0.01
AR-104-0,AR-104-0,Chr03,Chimera,1,2.00E-04
AR-104-0,AR-104-0,Chr03,Chr03-1,4930,0.986
AR-104-0,AR-104-0,Chr03,Indels,1,2.00E-04
AR-104-0,AR-104-0,Chr03,Noise,0,0
AR-104-0,AR-104-0,Chr03,Singelton,68,0.0136
AR-104-0-FP,AR-104-0-FP,Chr03,Chimera,1,2.00E-04
AR-104-0-FP,AR-104-0-FP,Chr03,Chr03-1,4975,0.995
AR-104-0-FP,AR-104-0-FP,Chr03,Noise,0,0
AR-104-0-FP,AR-104-0-FP,Chr03,Singelton,24,0.0048
AR-105-0,AR-105-0,Chr03,Chr03-1,29,0.0058
AR-105-0,AR-105-0,Chr03,Indels,4958,0.9916
AR-105-0,AR-105-0,Chr03,Noise,0,0
AR-105-0,AR-105-0,Chr03,Singelton,13,0.0026
AR-105-0-FP,AR-105-0-FP,Chr03,Indels,4981,0.9962
AR-105-0-FP,AR-105-0-FP,Chr03,Noise,2,4.00E-04
AR-105-0-FP,AR-105-0-FP,Chr03,Singelton,17,0.0034
AR-117-0,AR-117-0,Chr03,Chr03-1,12,0.0024
AR-117-0,AR-117-0,Chr03,Indels,4964,0.9928
AR-117-0,AR-117-0,Chr03,Noise,0,0
AR-117-0,AR-117-0,Chr03,Singelton,24,0.0048
AR-183-0,AR-183-0,Chr03,Chr03-1,4975,0.995
AR-183-0,AR-183-0,Chr03,Noise,0,0
AR-183-0,AR-183-0,Chr03,Singelton,25,0.005
AR-183-0-FP,AR-183-0-FP,Chr03,Chr03-1,4975,0.995
AR-183-0-FP,AR-183-0-FP,Chr03,Noise,0,0
AR-183-0-FP,AR-183-0-FP,Chr03,Singelton,25,0.005
AR-186-0,AR-186-0,Chr03,Chimera,80,0.016
AR-186-0,AR-186-0,Chr03,Chr03-1,4001,0.8002
AR-186-0,AR-186-0,Chr03,Chr03-2,78,0.0156
AR-186-0,AR-186-0,Chr03,Chr03-3,805,0.161
AR-186-0,AR-186-0,Chr03,Noise,0,0
AR-186-0,AR-186-0,Chr03,Singelton,36,0.0072
AR-186-0-FP,AR-186-0-FP,Chr03,Chr03-1,4052,0.8104
AR-186-0-FP,AR-186-0-FP,Chr03,Chr03-2,917,0.1834
AR-186-0-FP,AR-186-0-FP,Chr03,Noise,0,0
AR-186-0-FP,AR-186-0-FP,Chr03,Singelton,31,0.0062
AR-201-0,AR-201-0,Chr03,Chr03-1,4963,0.9926
AR-201-0,AR-201-0,Chr03,Noise,0,0
AR-201-0,AR-201-0,Chr03,Singelton,37,0.0074
AR-201-0-FP,AR-201-0-FP,Chr03,Chr03-1,4930,0.986
AR-201-0-FP,AR-201-0-FP,Chr03,Chr03-2,11,0.0022
AR-201-0-FP,AR-201-0-FP,Chr03,Noise,0,0
AR-201-0-FP,AR-201-0-FP,Chr03,Singelton,59,0.0118
AR-268-0,AR-268-0,Chr03,Chr03-1,27,0.0054
AR-268-0,AR-268-0,Chr03,Indels,4961,0.9922
AR-268-0,AR-268-0,Chr03,Noise,0,0
AR-268-0,AR-268-0,Chr03,Singelton,12,0.0024
AR-286-0-FP,AR-286-0-FP,Chr03,Indels,4985,0.997
AR-286-0-FP,AR-286-0-FP,Chr03,Noise,0,0
AR-286-0-FP,AR-286-0-FP,Chr03,Singelton,15,0.003
AR-286-42-FP,AR-286-42-FP,Chr03,Chr03-1,3292,0.6584
AR-286-42-FP,AR-286-42-FP,Chr03,Chr03-2,1687,0.3374
AR-286-42-FP,AR-286-42-FP,Chr03,Noise,0,0
AR-286-42-FP,AR-286-42-FP,Chr03,Singelton,21,0.0042
AR-298-0,AR-298-0,Chr03,Chimera,1,2.00E-04
AR-298-0,AR-298-0,Chr03,Chr03-1,4973,0.9946
AR-298-0,AR-298-0,Chr03,Noise,0,0
AR-298-0,AR-298-0,Chr03,Singelton,26,0.0052
AR-298-0-FP,AR-298-0-FP,Chr03,Chr03-1,4959,0.9918
AR-298-0-FP,AR-298-0-FP,Chr03,Noise,0,0
AR-298-0-FP,AR-298-0-FP,Chr03,Singelton,41,0.0082
AR-298-84-FP,AR-298-84-FP,Chr03,Chr03-1,4964,0.9928
AR-298-84-FP,AR-298-84-FP,Chr03,Noise,0,0
AR-298-84-FP,AR-298-84-FP,Chr03,Singelton,36,0.0072
Pv6_A_1_10,Pv6_A 1/10,Chr03,Chr03-1,4964,0.9928
Pv6_A_1_10,Pv6_A 1/10,Chr03,Indels,4,8.00E-04
Pv6_A_1_10,Pv6_A 1/10,Chr03,Noise,0,0
Pv6_A_1_10,Pv6_A 1/10,Chr03,Singelton,32,0.0064
AR-002-0,AR-002-0,Chr05,Chr05-2,4983,0.9966
AR-002-0,AR-002-0,Chr05,Noise,0,0
AR-002-0,AR-002-0,Chr05,Singelton,17,0.0034
AR-002-0-FP,AR-002-0-FP,Chr05,Chr05-2,4977,0.9954
AR-002-0-FP,AR-002-0-FP,Chr05,Noise,0,0
AR-002-0-FP,AR-002-0-FP,Chr05,Singelton,23,0.0046
AR-002-84-FP,AR-002-84-FP,Chr05,Chr05-2,4988,0.9976
AR-002-84-FP,AR-002-84-FP,Chr05,Noise,0,0
AR-002-84-FP,AR-002-84-FP,Chr05,Singelton,12,0.0024
AR-004-0,AR-004-0,Chr05,Chr05-5,4959,0.9918
AR-004-0,AR-004-0,Chr05,Chr05-7,21,0.0042
AR-004-0,AR-004-0,Chr05,Noise,0,0
AR-004-0,AR-004-0,Chr05,Singelton,20,0.004
AR-004-0-FP,AR-004-0-FP,Chr05,Chr05-5,4986,0.9972
AR-004-0-FP,AR-004-0-FP,Chr05,Noise,0,0
AR-004-0-FP,AR-004-0-FP,Chr05,Singelton,14,0.0028
AR-004-168-FP,AR-004-168-FP,Chr05,NA,0,NaN
AR-005-0,AR-005-0,Chr05,Chr05-7,22,0.0044
AR-005-0,AR-005-0,Chr05,Chr05-8,4966,0.9932
AR-005-0,AR-005-0,Chr05,Noise,0,0
AR-005-0,AR-005-0,Chr05,Singelton,12,0.0024
AR-005-0-FP,AR-005-0-FP,Chr05,Chr05-8,4973,0.9946
AR-005-0-FP,AR-005-0-FP,Chr05,Noise,0,0
AR-005-0-FP,AR-005-0-FP,Chr05,Singelton,27,0.0054
AR-006-0,AR-006-0,Chr05,Chr05-10,4934,0.9868
AR-006-0,AR-006-0,Chr05,Chr05-5,30,0.006
AR-006-0,AR-006-0,Chr05,Chr05-7,11,0.0022
AR-006-0,AR-006-0,Chr05,Noise,0,0
AR-006-0,AR-006-0,Chr05,Singelton,25,0.005
AR-006-0-FP,AR-006-0-FP,Chr05,Chr05-10,4981,0.9962
AR-006-0-FP,AR-006-0-FP,Chr05,Noise,1,2.00E-04
AR-006-0-FP,AR-006-0-FP,Chr05,Singelton,18,0.0036
AR-009-0,AR-009-0,Chr05,Chr05-5,4941,0.9882
AR-009-0,AR-009-0,Chr05,Chr05-7,42,0.0084
AR-009-0,AR-009-0,Chr05,Noise,0,0
AR-009-0,AR-009-0,Chr05,Singelton,17,0.0034
AR-009-0-FP,AR-009-0-FP,Chr05,Chr05-5,4986,0.9972
AR-009-0-FP,AR-009-0-FP,Chr05,Noise,0,0
AR-009-0-FP,AR-009-0-FP,Chr05,Singelton,14,0.0028
AR-011-0,AR-011-0,Chr05,Chimera,847,0.1694
AR-011-0,AR-011-0,Chr05,Chr05-1,2651,0.5302
AR-011-0,AR-011-0,Chr05,Chr05-2,1473,0.2946
AR-011-0,AR-011-0,Chr05,Noise,0,0
AR-011-0,AR-011-0,Chr05,Singelton,29,0.0058
AR-011-0-FP,AR-011-0-FP,Chr05,Chimera,430,0.086
AR-011-0-FP,AR-011-0-FP,Chr05,Chr05-1,3088,0.6176
AR-011-0-FP,AR-011-0-FP,Chr05,Chr05-2,1465,0.293
AR-011-0-FP,AR-011-0-FP,Chr05,Noise,0,0
AR-011-0-FP,AR-011-0-FP,Chr05,Singelton,17,0.0034
AR-013-0,AR-013-0,Chr05,Chr05-5,9,0.0018
AR-013-0,AR-013-0,Chr05,Chr05-7,4968,0.9936
AR-013-0,AR-013-0,Chr05,Noise,0,0
AR-013-0,AR-013-0,Chr05,Singelton,23,0.0046
AR-013-0-FP,AR-013-0-FP,Chr05,Chr05-7,4976,0.9952
AR-013-0-FP,AR-013-0-FP,Chr05,Noise,2,4.00E-04
AR-013-0-FP,AR-013-0-FP,Chr05,Singelton,22,0.0044
AR-013-1-FP,AR-013-1-FP,Chr05,Chr05-5,14,0.0028
AR-013-1-FP,AR-013-1-FP,Chr05,Chr05-7,4975,0.995
AR-013-1-FP,AR-013-1-FP,Chr05,Noise,0,0
AR-013-1-FP,AR-013-1-FP,Chr05,Singelton,11,0.0022
AR-013-168-FP,AR-013-168-FP,Chr05,Chr05-7,4983,0.9966
AR-013-168-FP,AR-013-168-FP,Chr05,Noise,0,0
AR-013-168-FP,AR-013-168-FP,Chr05,Singelton,17,0.0034
AR-013-2-FP,AR-013-2-FP,Chr05,Chr05-5,17,0.0034
AR-013-2-FP,AR-013-2-FP,Chr05,Chr05-7,4968,0.9936
AR-013-2-FP,AR-013-2-FP,Chr05,Noise,0,0
AR-013-2-FP,AR-013-2-FP,Chr05,Singelton,15,0.003
AR-016-0,AR-016-0,Chr05,Chr05-5,4976,0.9952
AR-016-0,AR-016-0,Chr05,Noise,4,8.00E-04
AR-016-0,AR-016-0,Chr05,Singelton,20,0.004
AR-016-70-FP,AR-016-70-FP,Chr05,Chr05-5,4989,0.9978
AR-016-70-FP,AR-016-70-FP,Chr05,Noise,0,0
AR-016-70-FP,AR-016-70-FP,Chr05,Singelton,11,0.0022
AR-016-84-FP,AR-016-84-FP,Chr05,Chr05-5,4983,0.9966
AR-016-84-FP,AR-016-84-FP,Chr05,Noise,0,0
AR-016-84-FP,AR-016-84-FP,Chr05,Singelton,17,0.0034
AR-019-0,AR-019-0,Chr05,Chr05-2,22,0.0044
AR-019-0,AR-019-0,Chr05,Chr05-5,4960,0.992
AR-019-0,AR-019-0,Chr05,Noise,0,0
AR-019-0,AR-019-0,Chr05,Singelton,18,0.0036
AR-019-0-FP,AR-019-0-FP,Chr05,Chr05-5,4980,0.996
AR-019-0-FP,AR-019-0-FP,Chr05,Noise,1,2.00E-04
AR-019-0-FP,AR-019-0-FP,Chr05,Singelton,19,0.0038
AR-021-0,AR-021-0,Chr05,Chr05-5,4986,0.9972
AR-021-0,AR-021-0,Chr05,Noise,0,0
AR-021-0,AR-021-0,Chr05,Singelton,14,0.0028
AR-021-0-FP,AR-021-0-FP,Chr05,Chr05-2,4976,0.9952
AR-021-0-FP,AR-021-0-FP,Chr05,Noise,0,0
AR-021-0-FP,AR-021-0-FP,Chr05,Singelton,24,0.0048
AR-042-0,AR-042-0,Chr05,Chr05-2,4984,0.9968
AR-042-0,AR-042-0,Chr05,Chr05-4,9,0.0018
AR-042-0,AR-042-0,Chr05,Noise,0,0
AR-042-0,AR-042-0,Chr05,Singelton,7,0.0014
AR-042-0-FP,AR-042-0-FP,Chr05,NA,0,NaN
AR-045-0,AR-045-0,Chr05,NA,0,NaN
AR-045-0-FP,AR-045-0-FP,Chr05,Chr05-7,4991,0.9982
AR-045-0-FP,AR-045-0-FP,Chr05,Noise,1,2.00E-04
AR-045-0-FP,AR-045-0-FP,Chr05,Singelton,8,0.0016
AR-045-0-R,AR-045-0-R,Chr05,Chr05-7,4973,0.9946
AR-045-0-R,AR-045-0-R,Chr05,Noise,0,0
AR-045-0-R,AR-045-0-R,Chr05,Singelton,27,0.0054
AR-056-0,AR-056-0,Chr05,Chr05-7,4988,0.9976
AR-056-0,AR-056-0,Chr05,Noise,0,0
AR-056-0,AR-056-0,Chr05,Singelton,12,0.0024
AR-056-0-FP,AR-056-0-FP,Chr05,Chr05-4,19,0.0038
AR-056-0-FP,AR-056-0-FP,Chr05,Chr05-6,4958,0.9916
AR-056-0-FP,AR-056-0-FP,Chr05,Chr05-7,11,0.0022
AR-056-0-FP,AR-056-0-FP,Chr05,Noise,0,0
AR-056-0-FP,AR-056-0-FP,Chr05,Singelton,12,0.0024
AR-056-56-FP,AR-056-56-FP,Chr05,Chimera,2,4.00E-04
AR-056-56-FP,AR-056-56-FP,Chr05,Chr05-5,10,0.002
AR-056-56-FP,AR-056-56-FP,Chr05,Chr05-7,4973,0.9946
AR-056-56-FP,AR-056-56-FP,Chr05,Noise,0,0
AR-056-56-FP,AR-056-56-FP,Chr05,Singelton,15,0.003
AR-064-0,AR-064-0,Chr05,Chr05-4,12,0.0024
AR-064-0,AR-064-0,Chr05,Chr05-6,4977,0.9954
AR-064-0,AR-064-0,Chr05,Noise,0,0
AR-064-0,AR-064-0,Chr05,Singelton,11,0.0022
AR-064-0-FP,AR-064-0-FP,Chr05,Chr05-4,4985,0.997
AR-064-0-FP,AR-064-0-FP,Chr05,Noise,0,0
AR-064-0-FP,AR-064-0-FP,Chr05,Singelton,15,0.003
AR-064-56-FP,AR-064-56-FP,Chr05,Chr05-4,3655,0.731
AR-064-56-FP,AR-064-56-FP,Chr05,Chr05-7,1326,0.2652
AR-064-56-FP,AR-064-56-FP,Chr05,Noise,0,0
AR-064-56-FP,AR-064-56-FP,Chr05,Singelton,19,0.0038
AR-064-70-FP,AR-064-70-FP,Chr05,Chr05-7,4980,0.996
AR-064-70-FP,AR-064-70-FP,Chr05,Noise,0,0
AR-064-70-FP,AR-064-70-FP,Chr05,Singelton,20,0.004
AR-066-0,AR-066-0,Chr05,Chr05-4,4979,0.9958
AR-066-0,AR-066-0,Chr05,Chr05-7,10,0.002
AR-066-0,AR-066-0,Chr05,Noise,0,0
AR-066-0,AR-066-0,Chr05,Singelton,11,0.0022
AR-066-0-FP,AR-066-0-FP,Chr05,Chr05-5,4988,0.9976
AR-066-0-FP,AR-066-0-FP,Chr05,Noise,0,0
AR-066-0-FP,AR-066-0-FP,Chr05,Singelton,12,0.0024
AR-066-1-FP,AR-066-1-FP,Chr05,Chr05-5,4989,0.9978
AR-066-1-FP,AR-066-1-FP,Chr05,Noise,1,2.00E-04
AR-066-1-FP,AR-066-1-FP,Chr05,Singelton,10,0.002
AR-066-140-FP,AR-066-140-FP,Chr05,Chr05-5,4692,0.9384
AR-066-140-FP,AR-066-140-FP,Chr05,Chr05-7,285,0.057
AR-066-140-FP,AR-066-140-FP,Chr05,Noise,0,0
AR-066-140-FP,AR-066-140-FP,Chr05,Singelton,23,0.0046
AR-066-168-FP,AR-066-168-FP,Chr05,Chr05-5,4982,0.9964
AR-066-168-FP,AR-066-168-FP,Chr05,Noise,0,0
AR-066-168-FP,AR-066-168-FP,Chr05,Singelton,18,0.0036
AR-067-0,AR-067-0,Chr05,Chr05-4,7,0.0014
AR-067-0,AR-067-0,Chr05,Chr05-5,4976,0.9952
AR-067-0,AR-067-0,Chr05,Noise,0,0
AR-067-0,AR-067-0,Chr05,Singelton,17,0.0034
AR-067-0-FP,AR-067-0-FP,Chr05,Chr05-7,4984,0.9968
AR-067-0-FP,AR-067-0-FP,Chr05,Noise,0,0
AR-067-0-FP,AR-067-0-FP,Chr05,Singelton,16,0.0032
AR-077-0,AR-077-0,Chr05,Chr05-5,14,0.0028
AR-077-0,AR-077-0,Chr05,Chr05-7,4971,0.9942
AR-077-0,AR-077-0,Chr05,Noise,0,0
AR-077-0,AR-077-0,Chr05,Singelton,15,0.003
AR-077-112-FP,AR-077-112-FP,Chr05,NA,0,NaN
AR-078-0,AR-078-0,Chr05,Chr05-4,4985,0.997
AR-078-0,AR-078-0,Chr05,Noise,0,0
AR-078-0,AR-078-0,Chr05,Singelton,15,0.003
AR-082-0,AR-082-0,Chr05,Chr05-1,37,0.0074
AR-082-0,AR-082-0,Chr05,Chr05-3,19,0.0038
AR-082-0,AR-082-0,Chr05,Chr05-6,4935,0.987
AR-082-0,AR-082-0,Chr05,Noise,0,0
AR-082-0,AR-082-0,Chr05,Singelton,9,0.0018
AR-082-0-FP,AR-082-0-FP,Chr05,Chr05-5,4979,0.9958
AR-082-0-FP,AR-082-0-FP,Chr05,Noise,0,0
AR-082-0-FP,AR-082-0-FP,Chr05,Singelton,21,0.0042
AR-083-0,AR-083-0,Chr05,Chr05-2,2591,0.5182
AR-083-0,AR-083-0,Chr05,Chr05-4,13,0.0026
AR-083-0,AR-083-0,Chr05,Chr05-5,2373,0.4746
AR-083-0,AR-083-0,Chr05,Noise,4,8.00E-04
AR-083-0,AR-083-0,Chr05,Singelton,19,0.0038
AR-083-0-FP,AR-083-0-FP,Chr05,Chr05-2,4983,0.9966
AR-083-0-FP,AR-083-0-FP,Chr05,Noise,0,0
AR-083-0-FP,AR-083-0-FP,Chr05,Singelton,17,0.0034
AR-083-1-FP,AR-083-1-FP,Chr05,Chr05-2,1933,0.993830334
AR-083-1-FP,AR-083-1-FP,Chr05,Chr05-5,3,0.001542416
AR-083-1-FP,AR-083-1-FP,Chr05,Noise,0,0
AR-083-1-FP,AR-083-1-FP,Chr05,Singelton,9,0.004627249
AR-083-42-FP,AR-083-42-FP,Chr05,Chr05-2,4989,0.9978
AR-083-42-FP,AR-083-42-FP,Chr05,Noise,0,0
AR-083-42-FP,AR-083-42-FP,Chr05,Singelton,11,0.0022
AR-083-56-FP,AR-083-56-FP,Chr05,Chr05-2,1429,0.994432846
AR-083-56-FP,AR-083-56-FP,Chr05,Noise,0,0
AR-083-56-FP,AR-083-56-FP,Chr05,Singelton,8,0.005567154
AR-093-0,AR-093-0,Chr05,Chr05-2,13,0.0026
AR-093-0,AR-093-0,Chr05,Chr05-9,4968,0.9936
AR-093-0,AR-093-0,Chr05,Noise,0,0
AR-093-0,AR-093-0,Chr05,Singelton,19,0.0038
AR-093-0-FP,AR-093-0-FP,Chr05,Chr05-9,4981,0.9962
AR-093-0-FP,AR-093-0-FP,Chr05,Noise,0,0
AR-093-0-FP,AR-093-0-FP,Chr05,Singelton,19,0.0038
AR-102-0,AR-102-0,Chr05,Chr05-9,4988,0.9976
AR-102-0,AR-102-0,Chr05,Noise,1,2.00E-04
AR-102-0,AR-102-0,Chr05,Singelton,11,0.0022
AR-102-0-FP,AR-102-0-FP,Chr05,Chr05-5,17,0.0034
AR-102-0-FP,AR-102-0-FP,Chr05,Chr05-9,4959,0.9918
AR-102-0-FP,AR-102-0-FP,Chr05,Noise,0,0
AR-102-0-FP,AR-102-0-FP,Chr05,Singelton,24,0.0048
AR-102-2-FP,AR-102-2-FP,Chr05,NA,0,NaN
AR-102-70-FP,AR-102-70-FP,Chr05,Chr05-9,4978,0.9956
AR-102-70-FP,AR-102-70-FP,Chr05,Noise,0,0
AR-102-70-FP,AR-102-70-FP,Chr05,Singelton,22,0.0044
AR-104-0,AR-104-0,Chr05,Chimera,2,4.00E-04
AR-104-0,AR-104-0,Chr05,Chr05-5,4980,0.996
AR-104-0,AR-104-0,Chr05,Chr05-7,14,0.0028
AR-104-0,AR-104-0,Chr05,Noise,0,0
AR-104-0,AR-104-0,Chr05,Singelton,4,8.00E-04
AR-104-0-FP,AR-104-0-FP,Chr05,Chr05-5,4983,0.9966
AR-104-0-FP,AR-104-0-FP,Chr05,Noise,0,0
AR-104-0-FP,AR-104-0-FP,Chr05,Singelton,17,0.0034
AR-105-0,AR-105-0,Chr05,Chr05-1,17,0.0034
AR-105-0,AR-105-0,Chr05,Chr05-4,4968,0.9936
AR-105-0,AR-105-0,Chr05,Noise,1,2.00E-04
AR-105-0,AR-105-0,Chr05,Singelton,14,0.0028
AR-105-0-FP,AR-105-0-FP,Chr05,Chr05-4,4985,0.997
AR-105-0-FP,AR-105-0-FP,Chr05,Noise,0,0
AR-105-0-FP,AR-105-0-FP,Chr05,Singelton,15,0.003
AR-117-0,AR-117-0,Chr05,Chr05-7,4984,0.9968
AR-117-0,AR-117-0,Chr05,Noise,0,0
AR-117-0,AR-117-0,Chr05,Singelton,16,0.0032
AR-183-0,AR-183-0,Chr05,Chr05-4,4973,0.9946
AR-183-0,AR-183-0,Chr05,Indels,3,6.00E-04
AR-183-0,AR-183-0,Chr05,Noise,1,2.00E-04
AR-183-0,AR-183-0,Chr05,Singelton,23,0.0046
AR-183-0-FP,AR-183-0-FP,Chr05,Chimera,33,0.0066
AR-183-0-FP,AR-183-0-FP,Chr05,Chr05-4,4656,0.9312
AR-183-0-FP,AR-183-0-FP,Chr05,Chr05-5,32,0.0064
AR-183-0-FP,AR-183-0-FP,Chr05,Chr05-7,16,0.0032
AR-183-0-FP,AR-183-0-FP,Chr05,Chr05-9,243,0.0486
AR-183-0-FP,AR-183-0-FP,Chr05,Noise,0,0
AR-183-0-FP,AR-183-0-FP,Chr05,Singelton,20,0.004
AR-186-0,AR-186-0,Chr05,Chr05-2,23,0.0046
AR-186-0,AR-186-0,Chr05,Chr05-3,4961,0.9922
AR-186-0,AR-186-0,Chr05,Noise,0,0
AR-186-0,AR-186-0,Chr05,Singelton,16,0.0032
AR-186-0-FP,AR-186-0-FP,Chr05,Chr05-1,7,0.0014
AR-186-0-FP,AR-186-0-FP,Chr05,Chr05-3,4971,0.9942
AR-186-0-FP,AR-186-0-FP,Chr05,Noise,3,6.00E-04
AR-186-0-FP,AR-186-0-FP,Chr05,Singelton,19,0.0038
AR-201-0,AR-201-0,Chr05,Chr05-1,4980,0.996
AR-201-0,AR-201-0,Chr05,Noise,0,0
AR-201-0,AR-201-0,Chr05,Singelton,20,0.004
AR-201-0-FP,AR-201-0-FP,Chr05,Chr05-1,4978,0.9956
AR-201-0-FP,AR-201-0-FP,Chr05,Chr05-2,17,0.0034
AR-201-0-FP,AR-201-0-FP,Chr05,Noise,0,0
AR-201-0-FP,AR-201-0-FP,Chr05,Singelton,5,0.001
AR-268-0,AR-268-0,Chr05,Chr05-2,4982,0.9964
AR-268-0,AR-268-0,Chr05,Noise,1,2.00E-04
AR-268-0,AR-268-0,Chr05,Singelton,17,0.0034
AR-286-0-FP,AR-286-0-FP,Chr05,Chr05-2,4272,0.8544
AR-286-0-FP,AR-286-0-FP,Chr05,Chr05-3,705,0.141
AR-286-0-FP,AR-286-0-FP,Chr05,Noise,0,0
AR-286-0-FP,AR-286-0-FP,Chr05,Singelton,23,0.0046
AR-286-42-FP,AR-286-42-FP,Chr05,Chr05-2,4981,0.9962
AR-286-42-FP,AR-286-42-FP,Chr05,Noise,1,2.00E-04
AR-286-42-FP,AR-286-42-FP,Chr05,Singelton,18,0.0036
AR-298-0,AR-298-0,Chr05,Chr05-1,414,0.0828
AR-298-0,AR-298-0,Chr05,Chr05-7,4567,0.9134
AR-298-0,AR-298-0,Chr05,Noise,0,0
AR-298-0,AR-298-0,Chr05,Singelton,19,0.0038
AR-298-0-FP,AR-298-0-FP,Chr05,Chr05-7,4982,0.9964
AR-298-0-FP,AR-298-0-FP,Chr05,Noise,0,0
AR-298-0-FP,AR-298-0-FP,Chr05,Singelton,18,0.0036
AR-298-84-FP,AR-298-84-FP,Chr05,Chr05-1,4982,0.9964
AR-298-84-FP,AR-298-84-FP,Chr05,Noise,0,0
AR-298-84-FP,AR-298-84-FP,Chr05,Singelton,18,0.0036
Pv6_A_1_10,Pv6_A 1/10,Chr05,Chr05-1,4979,0.9958
Pv6_A_1_10,Pv6_A 1/10,Chr05,Noise,1,2.00E-04
Pv6_A_1_10,Pv6_A 1/10,Chr05,Singelton,20,0.004
AR-002-0,AR-002-0,Chr06,Chr06-6,4980,0.996
AR-002-0,AR-002-0,Chr06,Noise,1,2.00E-04
AR-002-0,AR-002-0,Chr06,Singelton,19,0.0038
AR-002-0-FP,AR-002-0-FP,Chr06,Chr06-6,4928,0.9856
AR-002-0-FP,AR-002-0-FP,Chr06,Noise,0,0
AR-002-0-FP,AR-002-0-FP,Chr06,Singelton,72,0.0144
AR-002-84-FP,AR-002-84-FP,Chr06,Chr06-3,15,0.003
AR-002-84-FP,AR-002-84-FP,Chr06,Chr06-6,4640,0.928
AR-002-84-FP,AR-002-84-FP,Chr06,Noise,0,0
AR-002-84-FP,AR-002-84-FP,Chr06,Singelton,345,0.069
AR-004-0,AR-004-0,Chr06,Indels,4901,0.9802
AR-004-0,AR-004-0,Chr06,Noise,0,0
AR-004-0,AR-004-0,Chr06,Singelton,99,0.0198
AR-004-0-FP,AR-004-0-FP,Chr06,Indels,4932,0.9864
AR-004-0-FP,AR-004-0-FP,Chr06,Noise,0,0
AR-004-0-FP,AR-004-0-FP,Chr06,Singelton,68,0.0136
AR-004-168-FP,AR-004-168-FP,Chr06,NA,0,NaN
AR-005-0,AR-005-0,Chr06,Indels,4702,0.9404
AR-005-0,AR-005-0,Chr06,Noise,0,0
AR-005-0,AR-005-0,Chr06,Singelton,298,0.0596
AR-005-0-FP,AR-005-0-FP,Chr06,Indels,4970,0.994
AR-005-0-FP,AR-005-0-FP,Chr06,Noise,1,2.00E-04
AR-005-0-FP,AR-005-0-FP,Chr06,Singelton,29,0.0058
AR-006-0,AR-006-0,Chr06,Chr06-3,4905,0.981
AR-006-0,AR-006-0,Chr06,Indels,4,8.00E-04
AR-006-0,AR-006-0,Chr06,Noise,0,0
AR-006-0,AR-006-0,Chr06,Singelton,91,0.0182
AR-006-0-FP,AR-006-0-FP,Chr06,Chr06-3,4951,0.9902
AR-006-0-FP,AR-006-0-FP,Chr06,Indels,1,2.00E-04
AR-006-0-FP,AR-006-0-FP,Chr06,Noise,0,0
AR-006-0-FP,AR-006-0-FP,Chr06,Singelton,48,0.0096
AR-009-0,AR-009-0,Chr06,Indels,4979,0.9958
AR-009-0,AR-009-0,Chr06,Noise,3,6.00E-04
AR-009-0,AR-009-0,Chr06,Singelton,18,0.0036
AR-009-0-FP,AR-009-0-FP,Chr06,Indels,4950,0.99
AR-009-0-FP,AR-009-0-FP,Chr06,Noise,1,2.00E-04
AR-009-0-FP,AR-009-0-FP,Chr06,Singelton,49,0.0098
AR-011-0,AR-011-0,Chr06,Chimera,65,0.013
AR-011-0,AR-011-0,Chr06,Chr06-1,2425,0.485
AR-011-0,AR-011-0,Chr06,Chr06-3,22,0.0044
AR-011-0,AR-011-0,Chr06,Indels,2446,0.4892
AR-011-0,AR-011-0,Chr06,Noise,0,0
AR-011-0,AR-011-0,Chr06,Singelton,42,0.0084
AR-011-0-FP,AR-011-0-FP,Chr06,Chimera,48,0.0096
AR-011-0-FP,AR-011-0-FP,Chr06,Chr06-1,3221,0.6442
AR-011-0-FP,AR-011-0-FP,Chr06,Indels,1709,0.3418
AR-011-0-FP,AR-011-0-FP,Chr06,Noise,0,0
AR-011-0-FP,AR-011-0-FP,Chr06,Singelton,22,0.0044
AR-013-0,AR-013-0,Chr06,Chr06-3,17,0.0034
AR-013-0,AR-013-0,Chr06,Indels,4935,0.987
AR-013-0,AR-013-0,Chr06,Noise,1,2.00E-04
AR-013-0,AR-013-0,Chr06,Singelton,47,0.0094
AR-013-0-FP,AR-013-0-FP,Chr06,Indels,4936,0.9872
AR-013-0-FP,AR-013-0-FP,Chr06,Noise,0,0
AR-013-0-FP,AR-013-0-FP,Chr06,Singelton,64,0.0128
AR-013-1-FP,AR-013-1-FP,Chr06,Chr06-3,24,0.0048
AR-013-1-FP,AR-013-1-FP,Chr06,Indels,4624,0.9248
AR-013-1-FP,AR-013-1-FP,Chr06,Noise,0,0
AR-013-1-FP,AR-013-1-FP,Chr06,Singelton,352,0.0704
AR-013-168-FP,AR-013-168-FP,Chr06,Chr06-5,24,0.0048
AR-013-168-FP,AR-013-168-FP,Chr06,Indels,4948,0.9896
AR-013-168-FP,AR-013-168-FP,Chr06,Noise,0,0
AR-013-168-FP,AR-013-168-FP,Chr06,Singelton,28,0.0056
AR-013-2-FP,AR-013-2-FP,Chr06,Indels,621,0.973354232
AR-013-2-FP,AR-013-2-FP,Chr06,Noise,2,0.003134796
AR-013-2-FP,AR-013-2-FP,Chr06,Singelton,15,0.023510972
AR-016-0,AR-016-0,Chr06,Chr06-3,4928,0.9856
AR-016-0,AR-016-0,Chr06,Indels,29,0.0058
AR-016-0,AR-016-0,Chr06,Noise,1,2.00E-04
AR-016-0,AR-016-0,Chr06,Singelton,42,0.0084
AR-016-70-FP,AR-016-70-FP,Chr06,Chr06-3,4955,0.991
AR-016-70-FP,AR-016-70-FP,Chr06,Noise,0,0
AR-016-70-FP,AR-016-70-FP,Chr06,Singelton,45,0.009
AR-016-84-FP,AR-016-84-FP,Chr06,Chr06-3,4977,0.9954
AR-016-84-FP,AR-016-84-FP,Chr06,Noise,1,2.00E-04
AR-016-84-FP,AR-016-84-FP,Chr06,Singelton,22,0.0044
AR-019-0,AR-019-0,Chr06,Chr06-5,17,0.0034
AR-019-0,AR-019-0,Chr06,Indels,4973,0.9946
AR-019-0,AR-019-0,Chr06,Noise,0,0
AR-019-0,AR-019-0,Chr06,Singelton,10,0.002
AR-019-0-FP,AR-019-0-FP,Chr06,Indels,4951,0.9902
AR-019-0-FP,AR-019-0-FP,Chr06,Noise,1,2.00E-04
AR-019-0-FP,AR-019-0-FP,Chr06,Singelton,48,0.0096
AR-021-0,AR-021-0,Chr06,Indels,4960,0.992
AR-021-0,AR-021-0,Chr06,Noise,0,0
AR-021-0,AR-021-0,Chr06,Singelton,40,0.008
AR-021-0-FP,AR-021-0-FP,Chr06,Chr06-5,4984,0.9968
AR-021-0-FP,AR-021-0-FP,Chr06,Indels,1,2.00E-04
AR-021-0-FP,AR-021-0-FP,Chr06,Noise,0,0
AR-021-0-FP,AR-021-0-FP,Chr06,Singelton,15,0.003
AR-042-0,AR-042-0,Chr06,Chr06-1,5,0.001
AR-042-0,AR-042-0,Chr06,Chr06-5,4694,0.9388
AR-042-0,AR-042-0,Chr06,Noise,0,0
AR-042-0,AR-042-0,Chr06,Singelton,301,0.0602
AR-045-0,AR-045-0,Chr06,NA,0,NaN
AR-045-0-FP,AR-045-0-FP,Chr06,Chr06-3,4671,0.9342
AR-045-0-FP,AR-045-0-FP,Chr06,Noise,0,0
AR-045-0-FP,AR-045-0-FP,Chr06,Singelton,329,0.0658
AR-045-0-R,AR-045-0-R,Chr06,Chr06-3,4973,0.9946
AR-045-0-R,AR-045-0-R,Chr06,Noise,0,0
AR-045-0-R,AR-045-0-R,Chr06,Singelton,27,0.0054
AR-056-0,AR-056-0,Chr06,Chr06-3,4982,0.9964
AR-056-0,AR-056-0,Chr06,Noise,0,0
AR-056-0,AR-056-0,Chr06,Singelton,18,0.0036
AR-056-0-FP,AR-056-0-FP,Chr06,Chr06-1,5,0.001
AR-056-0-FP,AR-056-0-FP,Chr06,Chr06-4,4906,0.9812
AR-056-0-FP,AR-056-0-FP,Chr06,Noise,0,0
AR-056-0-FP,AR-056-0-FP,Chr06,Singelton,89,0.0178
AR-056-56-FP,AR-056-56-FP,Chr06,Chr06-2,6,0.0012
AR-056-56-FP,AR-056-56-FP,Chr06,Chr06-3,4970,0.994
AR-056-56-FP,AR-056-56-FP,Chr06,Noise,0,0
AR-056-56-FP,AR-056-56-FP,Chr06,Singelton,24,0.0048
AR-064-0,AR-064-0,Chr06,Chr06-4,4962,0.9924
AR-064-0,AR-064-0,Chr06,Noise,4,8.00E-04
AR-064-0,AR-064-0,Chr06,Singelton,34,0.0068
AR-064-0-FP,AR-064-0-FP,Chr06,Chr06-1,4963,0.9926
AR-064-0-FP,AR-064-0-FP,Chr06,Noise,0,0
AR-064-0-FP,AR-064-0-FP,Chr06,Singelton,37,0.0074
AR-064-56-FP,AR-064-56-FP,Chr06,Chr06-1,4014,0.988426496
AR-064-56-FP,AR-064-56-FP,Chr06,Noise,1,2.46E-04
AR-064-56-FP,AR-064-56-FP,Chr06,Singelton,46,0.011327259
AR-064-70-FP,AR-064-70-FP,Chr06,Chr06-3,809,0.1618
AR-064-70-FP,AR-064-70-FP,Chr06,Chr06-6,4126,0.8252
AR-064-70-FP,AR-064-70-FP,Chr06,Noise,0,0
AR-064-70-FP,AR-064-70-FP,Chr06,Singelton,65,0.013
AR-066-0,AR-066-0,Chr06,Chr06-1,4953,0.9906
AR-066-0,AR-066-0,Chr06,Indels,1,2.00E-04
AR-066-0,AR-066-0,Chr06,Noise,0,0
AR-066-0,AR-066-0,Chr06,Singelton,46,0.0092
AR-066-0-FP,AR-066-0-FP,Chr06,Chr06-2,4973,0.9946
AR-066-0-FP,AR-066-0-FP,Chr06,Noise,1,2.00E-04
AR-066-0-FP,AR-066-0-FP,Chr06,Singelton,26,0.0052
AR-066-1-FP,AR-066-1-FP,Chr06,Chr06-2,4671,0.9342
AR-066-1-FP,AR-066-1-FP,Chr06,Chr06-4,11,0.0022
AR-066-1-FP,AR-066-1-FP,Chr06,Noise,0,0
AR-066-1-FP,AR-066-1-FP,Chr06,Singelton,318,0.0636
AR-066-140-FP,AR-066-140-FP,Chr06,Chr06-2,4494,0.8988
AR-066-140-FP,AR-066-140-FP,Chr06,Chr06-4,79,0.0158
AR-066-140-FP,AR-066-140-FP,Chr06,Chr06-5,361,0.0722
AR-066-140-FP,AR-066-140-FP,Chr06,Noise,0,0
AR-066-140-FP,AR-066-140-FP,Chr06,Singelton,66,0.0132
AR-066-168-FP,AR-066-168-FP,Chr06,Chr06-2,4942,0.9884
AR-066-168-FP,AR-066-168-FP,Chr06,Indels,1,2.00E-04
AR-066-168-FP,AR-066-168-FP,Chr06,Noise,0,0
AR-066-168-FP,AR-066-168-FP,Chr06,Singelton,57,0.0114
AR-067-0,AR-067-0,Chr06,Chr06-2,4958,0.9916
AR-067-0,AR-067-0,Chr06,Noise,3,6.00E-04
AR-067-0,AR-067-0,Chr06,Singelton,39,0.0078
AR-067-0-FP,AR-067-0-FP,Chr06,Chr06-5,4976,0.9952
AR-067-0-FP,AR-067-0-FP,Chr06,Noise,0,0
AR-067-0-FP,AR-067-0-FP,Chr06,Singelton,24,0.0048
AR-077-0,AR-077-0,Chr06,Chr06-2,9,0.0018
AR-077-0,AR-077-0,Chr06,Chr06-5,4975,0.995
AR-077-0,AR-077-0,Chr06,Noise,0,0
AR-077-0,AR-077-0,Chr06,Singelton,16,0.0032
AR-077-112-FP,AR-077-112-FP,Chr06,NA,0,NaN
AR-078-0,AR-078-0,Chr06,Chr06-1,4871,0.9742
AR-078-0,AR-078-0,Chr06,Indels,60,0.012
AR-078-0,AR-078-0,Chr06,Noise,0,0
AR-078-0,AR-078-0,Chr06,Singelton,69,0.0138
AR-082-0,AR-082-0,Chr06,Chr06-4,87,0.020312865
AR-082-0,AR-082-0,Chr06,Chr06-6,3926,0.91664721
AR-082-0,AR-082-0,Chr06,Noise,0,0
AR-082-0,AR-082-0,Chr06,Singelton,270,0.063039925
AR-082-0-FP,AR-082-0-FP,Chr06,Chr06-4,4944,0.9888
AR-082-0-FP,AR-082-0-FP,Chr06,Noise,0,0
AR-082-0-FP,AR-082-0-FP,Chr06,Singelton,56,0.0112
AR-083-0,AR-083-0,Chr06,Chr06-4,2460,0.492
AR-083-0,AR-083-0,Chr06,Chr06-5,2468,0.4936
AR-083-0,AR-083-0,Chr06,Chr06-6,11,0.0022
AR-083-0,AR-083-0,Chr06,Noise,0,0
AR-083-0,AR-083-0,Chr06,Singelton,61,0.0122
AR-083-0-FP,AR-083-0-FP,Chr06,Chr06-5,4954,0.9908
AR-083-0-FP,AR-083-0-FP,Chr06,Noise,0,0
AR-083-0-FP,AR-083-0-FP,Chr06,Singelton,46,0.0092
AR-083-1-FP,AR-083-1-FP,Chr06,Chr06-5,4941,0.9882
AR-083-1-FP,AR-083-1-FP,Chr06,Noise,0,0
AR-083-1-FP,AR-083-1-FP,Chr06,Singelton,59,0.0118
AR-083-42-FP,AR-083-42-FP,Chr06,Chr06-5,4685,0.937
AR-083-42-FP,AR-083-42-FP,Chr06,Noise,0,0
AR-083-42-FP,AR-083-42-FP,Chr06,Singelton,315,0.063
AR-083-56-FP,AR-083-56-FP,Chr06,Chr06-5,4498,0.99491263
AR-083-56-FP,AR-083-56-FP,Chr06,Noise,0,0
AR-083-56-FP,AR-083-56-FP,Chr06,Singelton,23,0.00508737
AR-093-0,AR-093-0,Chr06,Chr06-1,4945,0.989
AR-093-0,AR-093-0,Chr06,Chr06-4,17,0.0034
AR-093-0,AR-093-0,Chr06,Noise,0,0
AR-093-0,AR-093-0,Chr06,Singelton,38,0.0076
AR-093-0-FP,AR-093-0-FP,Chr06,Chr06-1,4913,0.9826
AR-093-0-FP,AR-093-0-FP,Chr06,Noise,0,0
AR-093-0-FP,AR-093-0-FP,Chr06,Singelton,87,0.0174
AR-102-0,AR-102-0,Chr06,Chr06-1,4908,0.9816
AR-102-0,AR-102-0,Chr06,Noise,0,0
AR-102-0,AR-102-0,Chr06,Singelton,92,0.0184
AR-102-0-FP,AR-102-0-FP,Chr06,Chr06-1,4976,0.9952
AR-102-0-FP,AR-102-0-FP,Chr06,Noise,3,6.00E-04
AR-102-0-FP,AR-102-0-FP,Chr06,Singelton,21,0.0042
AR-102-2-FP,AR-102-2-FP,Chr06,NA,0,NaN
AR-102-70-FP,AR-102-70-FP,Chr06,Chr06-1,4954,0.9908
AR-102-70-FP,AR-102-70-FP,Chr06,Noise,1,2.00E-04
AR-102-70-FP,AR-102-70-FP,Chr06,Singelton,45,0.009
AR-104-0,AR-104-0,Chr06,Chr06-2,8,0.0016
AR-104-0,AR-104-0,Chr06,Chr06-6,4624,0.9248
AR-104-0,AR-104-0,Chr06,Noise,0,0
AR-104-0,AR-104-0,Chr06,Singelton,368,0.0736
AR-104-0-FP,AR-104-0-FP,Chr06,Chr06-6,4978,0.9956
AR-104-0-FP,AR-104-0-FP,Chr06,Noise,0,0
AR-104-0-FP,AR-104-0-FP,Chr06,Singelton,22,0.0044
AR-105-0,AR-105-0,Chr06,Chr06-4,12,0.0024
AR-105-0,AR-105-0,Chr06,Indels,4898,0.9796
AR-105-0,AR-105-0,Chr06,Noise,1,2.00E-04
AR-105-0,AR-105-0,Chr06,Singelton,89,0.0178
AR-105-0-FP,AR-105-0-FP,Chr06,Indels,4938,0.9876
AR-105-0-FP,AR-105-0-FP,Chr06,Noise,0,0
AR-105-0-FP,AR-105-0-FP,Chr06,Singelton,62,0.0124
AR-117-0,AR-117-0,Chr06,Chr06-6,7,0.0014
AR-117-0,AR-117-0,Chr06,Indels,4964,0.9928
AR-117-0,AR-117-0,Chr06,Noise,0,0
AR-117-0,AR-117-0,Chr06,Singelton,29,0.0058
AR-183-0,AR-183-0,Chr06,Chr06-3,4473,0.8946
AR-183-0,AR-183-0,Chr06,Chr06-6,497,0.0994
AR-183-0,AR-183-0,Chr06,Indels,1,2.00E-04
AR-183-0,AR-183-0,Chr06,Noise,0,0
AR-183-0,AR-183-0,Chr06,Singelton,29,0.0058
AR-183-0-FP,AR-183-0-FP,Chr06,Chr06-2,34,0.0068
AR-183-0-FP,AR-183-0-FP,Chr06,Chr06-3,4891,0.9782
AR-183-0-FP,AR-183-0-FP,Chr06,Noise,0,0
AR-183-0-FP,AR-183-0-FP,Chr06,Singelton,75,0.015
AR-186-0,AR-186-0,Chr06,Chr06-4,4897,0.9794
AR-186-0,AR-186-0,Chr06,Chr06-7,18,0.0036
AR-186-0,AR-186-0,Chr06,Indels,21,0.0042
AR-186-0,AR-186-0,Chr06,Noise,0,0
AR-186-0,AR-186-0,Chr06,Singelton,64,0.0128
AR-186-0-FP,AR-186-0-FP,Chr06,Chimera,17,0.0034
AR-186-0-FP,AR-186-0-FP,Chr06,Chr06-3,982,0.1964
AR-186-0-FP,AR-186-0-FP,Chr06,Chr06-6,3791,0.7582
AR-186-0-FP,AR-186-0-FP,Chr06,Indels,190,0.038
AR-186-0-FP,AR-186-0-FP,Chr06,Noise,0,0
AR-186-0-FP,AR-186-0-FP,Chr06,Singelton,20,0.004
AR-201-0,AR-201-0,Chr06,Chr06-4,4950,0.99
AR-201-0,AR-201-0,Chr06,Noise,0,0
AR-201-0,AR-201-0,Chr06,Singelton,50,0.01
AR-201-0-FP,AR-201-0-FP,Chr06,Chr06-4,4664,0.9328
AR-201-0-FP,AR-201-0-FP,Chr06,Chr06-7,6,0.0012
AR-201-0-FP,AR-201-0-FP,Chr06,Indels,13,0.0026
AR-201-0-FP,AR-201-0-FP,Chr06,Noise,0,0
AR-201-0-FP,AR-201-0-FP,Chr06,Singelton,317,0.0634
AR-268-0,AR-268-0,Chr06,Chr06-2,18,0.0036
AR-268-0,AR-268-0,Chr06,Chr06-4,4904,0.9808
AR-268-0,AR-268-0,Chr06,Chr06-5,27,0.0054
AR-268-0,AR-268-0,Chr06,Indels,6,0.0012
AR-268-0,AR-268-0,Chr06,Noise,0,0
AR-268-0,AR-268-0,Chr06,Singelton,45,0.009
AR-286-0-FP,AR-286-0-FP,Chr06,Chr06-4,4962,0.9924
AR-286-0-FP,AR-286-0-FP,Chr06,Chr06-6,17,0.0034
AR-286-0-FP,AR-286-0-FP,Chr06,Indels,1,2.00E-04
AR-286-0-FP,AR-286-0-FP,Chr06,Noise,1,2.00E-04
AR-286-0-FP,AR-286-0-FP,Chr06,Singelton,19,0.0038
AR-286-42-FP,AR-286-42-FP,Chr06,Chimera,101,0.0202
AR-286-42-FP,AR-286-42-FP,Chr06,Chr06-7,1999,0.3998
AR-286-42-FP,AR-286-42-FP,Chr06,Indels,2855,0.571
AR-286-42-FP,AR-286-42-FP,Chr06,Noise,1,2.00E-04
AR-286-42-FP,AR-286-42-FP,Chr06,Singelton,44,0.0088
AR-298-0,AR-298-0,Chr06,Chr06-2,4952,0.9904
AR-298-0,AR-298-0,Chr06,Noise,3,6.00E-04
AR-298-0,AR-298-0,Chr06,Singelton,45,0.009
AR-298-0-FP,AR-298-0-FP,Chr06,Chr06-2,4944,0.9888
AR-298-0-FP,AR-298-0-FP,Chr06,Noise,1,2.00E-04
AR-298-0-FP,AR-298-0-FP,Chr06,Singelton,55,0.011
AR-298-84-FP,AR-298-84-FP,Chr06,Chr06-5,4981,0.9962
AR-298-84-FP,AR-298-84-FP,Chr06,Noise,0,0
AR-298-84-FP,AR-298-84-FP,Chr06,Singelton,19,0.0038
Pv6_A_1_10,Pv6_A 1/10,Chr06,Chr06-3,4983,0.9966
Pv6_A_1_10,Pv6_A 1/10,Chr06,Noise,0,0
Pv6_A_1_10,Pv6_A 1/10,Chr06,Singelton,17,0.0034
AR-002-0,AR-002-0,Chr07_A,Chr07_A-5,4964,0.9928
AR-002-0,AR-002-0,Chr07_A,Noise,0,0
AR-002-0,AR-002-0,Chr07_A,Singelton,36,0.0072
AR-002-0-FP,AR-002-0-FP,Chr07_A,Chr07_A-5,4941,0.9882
AR-002-0-FP,AR-002-0-FP,Chr07_A,Noise,1,2.00E-04
AR-002-0-FP,AR-002-0-FP,Chr07_A,Singelton,58,0.0116
AR-002-84-FP,AR-002-84-FP,Chr07_A,Chr07_A-2,15,0.003
AR-002-84-FP,AR-002-84-FP,Chr07_A,Chr07_A-5,4901,0.9802
AR-002-84-FP,AR-002-84-FP,Chr07_A,Noise,2,4.00E-04
AR-002-84-FP,AR-002-84-FP,Chr07_A,Singelton,82,0.0164
AR-004-0,AR-004-0,Chr07_A,Chr07_A-1,13,0.0026
AR-004-0,AR-004-0,Chr07_A,Chr07_A-7,4928,0.9856
AR-004-0,AR-004-0,Chr07_A,Noise,0,0
AR-004-0,AR-004-0,Chr07_A,Singelton,59,0.0118
AR-004-0-FP,AR-004-0-FP,Chr07_A,Chr07_A-7,4942,0.9884
AR-004-0-FP,AR-004-0-FP,Chr07_A,Noise,0,0
AR-004-0-FP,AR-004-0-FP,Chr07_A,Singelton,58,0.0116
AR-004-168-FP,AR-004-168-FP,Chr07_A,Chr07_A-7,4951,0.9902
AR-004-168-FP,AR-004-168-FP,Chr07_A,Noise,4,8.00E-04
AR-004-168-FP,AR-004-168-FP,Chr07_A,Singelton,45,0.009
AR-005-0,AR-005-0,Chr07_A,Chr07_A-1,21,0.0042
AR-005-0,AR-005-0,Chr07_A,Chr07_A-2,4846,0.9692
AR-005-0,AR-005-0,Chr07_A,Chr07_A-7,29,0.0058
AR-005-0,AR-005-0,Chr07_A,Noise,3,6.00E-04
AR-005-0,AR-005-0,Chr07_A,Singelton,101,0.0202
AR-005-0-FP,AR-005-0-FP,Chr07_A,Chr07_A-2,4914,0.9828
AR-005-0-FP,AR-005-0-FP,Chr07_A,Chr07_A-7,29,0.0058
AR-005-0-FP,AR-005-0-FP,Chr07_A,Indels,3,6.00E-04
AR-005-0-FP,AR-005-0-FP,Chr07_A,Noise,2,4.00E-04
AR-005-0-FP,AR-005-0-FP,Chr07_A,Singelton,52,0.0104
AR-006-0,AR-006-0,Chr07_A,Chr07_A-1,6,0.0012
AR-006-0,AR-006-0,Chr07_A,Chr07_A-2,4911,0.9822
AR-006-0,AR-006-0,Chr07_A,Chr07_A-4,19,0.0038
AR-006-0,AR-006-0,Chr07_A,Noise,1,2.00E-04
AR-006-0,AR-006-0,Chr07_A,Singelton,63,0.0126
AR-006-0-FP,AR-006-0-FP,Chr07_A,Chr07_A-2,4951,0.9902
AR-006-0-FP,AR-006-0-FP,Chr07_A,Noise,2,4.00E-04
AR-006-0-FP,AR-006-0-FP,Chr07_A,Singelton,47,0.0094
AR-009-0,AR-009-0,Chr07_A,Chr07_A-1,29,0.0058
AR-009-0,AR-009-0,Chr07_A,Chr07_A-7,4919,0.9838
AR-009-0,AR-009-0,Chr07_A,Noise,1,2.00E-04
AR-009-0,AR-009-0,Chr07_A,Singelton,51,0.0102
AR-009-0-FP,AR-009-0-FP,Chr07_A,Chr07_A-7,4945,0.989
AR-009-0-FP,AR-009-0-FP,Chr07_A,Noise,0,0
AR-009-0-FP,AR-009-0-FP,Chr07_A,Singelton,55,0.011
AR-011-0,AR-011-0,Chr07_A,Chimera,22,0.0044
AR-011-0,AR-011-0,Chr07_A,Chr07_A-2,3747,0.7494
AR-011-0,AR-011-0,Chr07_A,Chr07_A-4,9,0.0018
AR-011-0,AR-011-0,Chr07_A,Chr07_A-5,898,0.1796
AR-011-0,AR-011-0,Chr07_A,Chr07_A-9,256,0.0512
AR-011-0,AR-011-0,Chr07_A,Noise,5,0.001
AR-011-0,AR-011-0,Chr07_A,Singelton,63,0.0126
AR-011-0-FP,AR-011-0-FP,Chr07_A,Chimera,5,0.001
AR-011-0-FP,AR-011-0-FP,Chr07_A,Chr07_A-2,851,0.1702
AR-011-0-FP,AR-011-0-FP,Chr07_A,Chr07_A-5,4091,0.8182
AR-011-0-FP,AR-011-0-FP,Chr07_A,Noise,2,4.00E-04
AR-011-0-FP,AR-011-0-FP,Chr07_A,Singelton,51,0.0102
AR-013-0,AR-013-0,Chr07_A,Chr07_A-1,4940,0.988
AR-013-0,AR-013-0,Chr07_A,Chr07_A-4,13,0.0026
AR-013-0,AR-013-0,Chr07_A,Noise,0,0
AR-013-0,AR-013-0,Chr07_A,Singelton,47,0.0094
AR-013-0-FP,AR-013-0-FP,Chr07_A,Chr07_A-1,4932,0.9864
AR-013-0-FP,AR-013-0-FP,Chr07_A,Noise,0,0
AR-013-0-FP,AR-013-0-FP,Chr07_A,Singelton,68,0.0136
AR-013-1-FP,AR-013-1-FP,Chr07_A,Chr07_A-1,4892,0.9784
AR-013-1-FP,AR-013-1-FP,Chr07_A,Chr07_A-4,7,0.0014
AR-013-1-FP,AR-013-1-FP,Chr07_A,Noise,0,0
AR-013-1-FP,AR-013-1-FP,Chr07_A,Singelton,101,0.0202
AR-013-168-FP,AR-013-168-FP,Chr07_A,Chr07_A-1,4946,0.9892
AR-013-168-FP,AR-013-168-FP,Chr07_A,Chr07_A-2,7,0.0014
AR-013-168-FP,AR-013-168-FP,Chr07_A,Noise,0,0
AR-013-168-FP,AR-013-168-FP,Chr07_A,Singelton,47,0.0094
AR-013-2-FP,AR-013-2-FP,Chr07_A,Chr07_A-1,4918,0.9836
AR-013-2-FP,AR-013-2-FP,Chr07_A,Chr07_A-7,19,0.0038
AR-013-2-FP,AR-013-2-FP,Chr07_A,Noise,0,0
AR-013-2-FP,AR-013-2-FP,Chr07_A,Singelton,63,0.0126
AR-016-0,AR-016-0,Chr07_A,Chr07_A-4,4918,0.9836
AR-016-0,AR-016-0,Chr07_A,Chr07_A-7,7,0.0014
AR-016-0,AR-016-0,Chr07_A,Noise,2,4.00E-04
AR-016-0,AR-016-0,Chr07_A,Singelton,73,0.0146
AR-016-70-FP,AR-016-70-FP,Chr07_A,Chr07_A-4,4939,0.9878
AR-016-70-FP,AR-016-70-FP,Chr07_A,Noise,1,2.00E-04
AR-016-70-FP,AR-016-70-FP,Chr07_A,Singelton,60,0.012
AR-016-84-FP,AR-016-84-FP,Chr07_A,Chr07_A-4,4946,0.9892
AR-016-84-FP,AR-016-84-FP,Chr07_A,Noise,0,0
AR-016-84-FP,AR-016-84-FP,Chr07_A,Singelton,54,0.0108
AR-019-0,AR-019-0,Chr07_A,Chr07_A-2,16,0.0032
AR-019-0,AR-019-0,Chr07_A,Chr07_A-7,4928,0.9856
AR-019-0,AR-019-0,Chr07_A,Noise,0,0
AR-019-0,AR-019-0,Chr07_A,Singelton,56,0.0112
AR-019-0-FP,AR-019-0-FP,Chr07_A,Chr07_A-7,4933,0.9866
AR-019-0-FP,AR-019-0-FP,Chr07_A,Noise,0,0
AR-019-0-FP,AR-019-0-FP,Chr07_A,Singelton,67,0.0134
AR-021-0,AR-021-0,Chr07_A,Chr07_A-7,4949,0.9898
AR-021-0,AR-021-0,Chr07_A,Noise,0,0
AR-021-0,AR-021-0,Chr07_A,Singelton,51,0.0102
AR-021-0-FP,AR-021-0-FP,Chr07_A,Chr07_A-2,4936,0.9872
AR-021-0-FP,AR-021-0-FP,Chr07_A,Chr07_A-4,14,0.0028
AR-021-0-FP,AR-021-0-FP,Chr07_A,Indels,2,4.00E-04
AR-021-0-FP,AR-021-0-FP,Chr07_A,Noise,1,2.00E-04
AR-021-0-FP,AR-021-0-FP,Chr07_A,Singelton,47,0.0094
AR-042-0,AR-042-0,Chr07_A,Chr07_A-2,4881,0.9762
AR-042-0,AR-042-0,Chr07_A,Chr07_A-3,19,0.0038
AR-042-0,AR-042-0,Chr07_A,Chr07_A-4,9,0.0018
AR-042-0,AR-042-0,Chr07_A,Chr07_A-5,6,0.0012
AR-042-0,AR-042-0,Chr07_A,Noise,0,0
AR-042-0,AR-042-0,Chr07_A,Singelton,85,0.017
AR-042-0-FP,AR-042-0-FP,Chr07_A,NA,0,NaN
AR-045-0,AR-045-0,Chr07_A,NA,0,NaN
AR-045-0-FP,AR-045-0-FP,Chr07_A,Chr07_A-5,4914,0.9828
AR-045-0-FP,AR-045-0-FP,Chr07_A,Noise,3,6.00E-04
AR-045-0-FP,AR-045-0-FP,Chr07_A,Singelton,83,0.0166
AR-045-0-R,AR-045-0-R,Chr07_A,Chr07_A-5,4948,0.9896
AR-045-0-R,AR-045-0-R,Chr07_A,Noise,0,0
AR-045-0-R,AR-045-0-R,Chr07_A,Singelton,52,0.0104
AR-056-0,AR-056-0,Chr07_A,Chr07_A-5,4951,0.9902
AR-056-0,AR-056-0,Chr07_A,Noise,5,0.001
AR-056-0,AR-056-0,Chr07_A,Singelton,44,0.0088
AR-056-0-FP,AR-056-0-FP,Chr07_A,Chr07_A-2,4911,0.9822
AR-056-0-FP,AR-056-0-FP,Chr07_A,Chr07_A-3,44,0.0088
AR-056-0-FP,AR-056-0-FP,Chr07_A,Noise,0,0
AR-056-0-FP,AR-056-0-FP,Chr07_A,Singelton,45,0.009
AR-056-56-FP,AR-056-56-FP,Chr07_A,Chimera,27,0.0054
AR-056-56-FP,AR-056-56-FP,Chr07_A,Chr07_A-1,9,0.0018
AR-056-56-FP,AR-056-56-FP,Chr07_A,Chr07_A-11,1467,0.2934
AR-056-56-FP,AR-056-56-FP,Chr07_A,Chr07_A-12,14,0.0028
AR-056-56-FP,AR-056-56-FP,Chr07_A,Chr07_A-5,3445,0.689
AR-056-56-FP,AR-056-56-FP,Chr07_A,Noise,1,2.00E-04
AR-056-56-FP,AR-056-56-FP,Chr07_A,Singelton,37,0.0074
AR-064-0,AR-064-0,Chr07_A,Chr07_A-2,4937,0.9874
AR-064-0,AR-064-0,Chr07_A,Chr07_A-3,14,0.0028
AR-064-0,AR-064-0,Chr07_A,Noise,0,0
AR-064-0,AR-064-0,Chr07_A,Singelton,49,0.0098
AR-064-0-FP,AR-064-0-FP,Chr07_A,Chr07_A-3,4945,0.989
AR-064-0-FP,AR-064-0-FP,Chr07_A,Noise,0,0
AR-064-0-FP,AR-064-0-FP,Chr07_A,Singelton,55,0.011
AR-064-56-FP,AR-064-56-FP,Chr07_A,Chr07_A-3,4922,0.9844
AR-064-56-FP,AR-064-56-FP,Chr07_A,Noise,0,0
AR-064-56-FP,AR-064-56-FP,Chr07_A,Singelton,78,0.0156
AR-064-70-FP,AR-064-70-FP,Chr07_A,Chr07_A-5,4946,0.9892
AR-064-70-FP,AR-064-70-FP,Chr07_A,Noise,1,2.00E-04
AR-064-70-FP,AR-064-70-FP,Chr07_A,Singelton,53,0.0106
AR-066-0,AR-066-0,Chr07_A,Chr07_A-3,4942,0.9884
AR-066-0,AR-066-0,Chr07_A,Chr07_A-5,13,0.0026
AR-066-0,AR-066-0,Chr07_A,Noise,1,2.00E-04
AR-066-0,AR-066-0,Chr07_A,Singelton,44,0.0088
AR-066-0-FP,AR-066-0-FP,Chr07_A,Chr07_A-1,4946,0.9892
AR-066-0-FP,AR-066-0-FP,Chr07_A,Noise,1,2.00E-04
AR-066-0-FP,AR-066-0-FP,Chr07_A,Singelton,53,0.0106
AR-066-1-FP,AR-066-1-FP,Chr07_A,Chr07_A-1,4900,0.98
AR-066-1-FP,AR-066-1-FP,Chr07_A,Chr07_A-5,14,0.0028
AR-066-1-FP,AR-066-1-FP,Chr07_A,Noise,0,0
AR-066-1-FP,AR-066-1-FP,Chr07_A,Singelton,86,0.0172
AR-066-140-FP,AR-066-140-FP,Chr07_A,Chr07_A-1,4482,0.8964
AR-066-140-FP,AR-066-140-FP,Chr07_A,Chr07_A-2,245,0.049
AR-066-140-FP,AR-066-140-FP,Chr07_A,Chr07_A-5,219,0.0438
AR-066-140-FP,AR-066-140-FP,Chr07_A,Indels,1,2.00E-04
AR-066-140-FP,AR-066-140-FP,Chr07_A,Noise,0,0
AR-066-140-FP,AR-066-140-FP,Chr07_A,Singelton,53,0.0106
AR-066-168-FP,AR-066-168-FP,Chr07_A,Chr07_A-1,4948,0.9896
AR-066-168-FP,AR-066-168-FP,Chr07_A,Noise,2,4.00E-04
AR-066-168-FP,AR-066-168-FP,Chr07_A,Singelton,50,0.01
AR-067-0,AR-067-0,Chr07_A,Chr07_A-1,4943,0.9886
AR-067-0,AR-067-0,Chr07_A,Chr07_A-3,8,0.0016
AR-067-0,AR-067-0,Chr07_A,Noise,0,0
AR-067-0,AR-067-0,Chr07_A,Singelton,49,0.0098
AR-067-0-FP,AR-067-0-FP,Chr07_A,Chimera,17,0.0034
AR-067-0-FP,AR-067-0-FP,Chr07_A,Chr07_A-2,439,0.0878
AR-067-0-FP,AR-067-0-FP,Chr07_A,Chr07_A-5,4494,0.8988
AR-067-0-FP,AR-067-0-FP,Chr07_A,Noise,1,2.00E-04
AR-067-0-FP,AR-067-0-FP,Chr07_A,Singelton,49,0.0098
AR-077-0,AR-077-0,Chr07_A,Chimera,13,0.0026
AR-077-0,AR-077-0,Chr07_A,Chr07_A-1,8,0.0016
AR-077-0,AR-077-0,Chr07_A,Chr07_A-2,427,0.0854
AR-077-0,AR-077-0,Chr07_A,Chr07_A-5,4516,0.9032
AR-077-0,AR-077-0,Chr07_A,Noise,1,2.00E-04
AR-077-0,AR-077-0,Chr07_A,Singelton,35,0.007
AR-077-112-FP,AR-077-112-FP,Chr07_A,NA,0,NaN
AR-078-0,AR-078-0,Chr07_A,Chr07_A-3,4917,0.9834
AR-078-0,AR-078-0,Chr07_A,Chr07_A-5,28,0.0056
AR-078-0,AR-078-0,Chr07_A,Noise,0,0
AR-078-0,AR-078-0,Chr07_A,Singelton,55,0.011
AR-082-0,AR-082-0,Chr07_A,Chr07_A-11,4865,0.973
AR-082-0,AR-082-0,Chr07_A,Chr07_A-3,14,0.0028
AR-082-0,AR-082-0,Chr07_A,Chr07_A-9,31,0.0062
AR-082-0,AR-082-0,Chr07_A,Noise,0,0
AR-082-0,AR-082-0,Chr07_A,Singelton,90,0.018
AR-082-0-FP,AR-082-0-FP,Chr07_A,Chr07_A-5,4942,0.9884
AR-082-0-FP,AR-082-0-FP,Chr07_A,Noise,3,6.00E-04
AR-082-0-FP,AR-082-0-FP,Chr07_A,Singelton,55,0.011
AR-083-0,AR-083-0,Chr07_A,Chr07_A-1,5,0.001
AR-083-0,AR-083-0,Chr07_A,Chr07_A-2,2484,0.4968
AR-083-0,AR-083-0,Chr07_A,Chr07_A-4,11,0.0022
AR-083-0,AR-083-0,Chr07_A,Chr07_A-5,2437,0.4874
AR-083-0,AR-083-0,Chr07_A,Noise,2,4.00E-04
AR-083-0,AR-083-0,Chr07_A,Singelton,61,0.0122
AR-083-0-FP,AR-083-0-FP,Chr07_A,Chr07_A-2,4942,0.9884
AR-083-0-FP,AR-083-0-FP,Chr07_A,Noise,0,0
AR-083-0-FP,AR-083-0-FP,Chr07_A,Singelton,58,0.0116
AR-083-1-FP,AR-083-1-FP,Chr07_A,Chr07_A-2,4945,0.989
AR-083-1-FP,AR-083-1-FP,Chr07_A,Noise,0,0
AR-083-1-FP,AR-083-1-FP,Chr07_A,Singelton,55,0.011
AR-083-42-FP,AR-083-42-FP,Chr07_A,Chr07_A-2,4914,0.9828
AR-083-42-FP,AR-083-42-FP,Chr07_A,Noise,0,0
AR-083-42-FP,AR-083-42-FP,Chr07_A,Singelton,86,0.0172
AR-083-56-FP,AR-083-56-FP,Chr07_A,Chr07_A-2,4945,0.989
AR-083-56-FP,AR-083-56-FP,Chr07_A,Noise,0,0
AR-083-56-FP,AR-083-56-FP,Chr07_A,Singelton,55,0.011
AR-093-0,AR-093-0,Chr07_A,Chr07_A-2,23,0.0046
AR-093-0,AR-093-0,Chr07_A,Chr07_A-5,4937,0.9874
AR-093-0,AR-093-0,Chr07_A,Noise,0,0
AR-093-0,AR-093-0,Chr07_A,Singelton,40,0.008
AR-093-0-FP,AR-093-0-FP,Chr07_A,Chr07_A-3,45,0.009
AR-093-0-FP,AR-093-0-FP,Chr07_A,Chr07_A-5,4909,0.9818
AR-093-0-FP,AR-093-0-FP,Chr07_A,Noise,1,2.00E-04
AR-093-0-FP,AR-093-0-FP,Chr07_A,Singelton,45,0.009
AR-102-0,AR-102-0,Chr07_A,Chr07_A-3,4941,0.9882
AR-102-0,AR-102-0,Chr07_A,Noise,0,0
AR-102-0,AR-102-0,Chr07_A,Singelton,59,0.0118
AR-102-0-FP,AR-102-0-FP,Chr07_A,Chr07_A-3,4944,0.9888
AR-102-0-FP,AR-102-0-FP,Chr07_A,Chr07_A-5,13,0.0026
AR-102-0-FP,AR-102-0-FP,Chr07_A,Noise,0,0
AR-102-0-FP,AR-102-0-FP,Chr07_A,Singelton,43,0.0086
AR-102-2-FP,AR-102-2-FP,Chr07_A,NA,0,NaN
AR-102-70-FP,AR-102-70-FP,Chr07_A,Chr07_A-3,4922,0.9844
AR-102-70-FP,AR-102-70-FP,Chr07_A,Noise,0,0
AR-102-70-FP,AR-102-70-FP,Chr07_A,Singelton,78,0.0156
AR-104-0,AR-104-0,Chr07_A,Chr07_A-5,4914,0.9828
AR-104-0,AR-104-0,Chr07_A,Noise,0,0
AR-104-0,AR-104-0,Chr07_A,Singelton,86,0.0172
AR-104-0-FP,AR-104-0-FP,Chr07_A,Chr07_A-5,4953,0.9906
AR-104-0-FP,AR-104-0-FP,Chr07_A,Noise,0,0
AR-104-0-FP,AR-104-0-FP,Chr07_A,Singelton,47,0.0094
AR-105-0,AR-105-0,Chr07_A,Chr07_A-5,4903,0.9806
AR-105-0,AR-105-0,Chr07_A,Chr07_A-9,24,0.0048
AR-105-0,AR-105-0,Chr07_A,Noise,5,0.001
AR-105-0,AR-105-0,Chr07_A,Singelton,68,0.0136
AR-105-0-FP,AR-105-0-FP,Chr07_A,Chr07_A-5,4919,0.9838
AR-105-0-FP,AR-105-0-FP,Chr07_A,Noise,1,2.00E-04
AR-105-0-FP,AR-105-0-FP,Chr07_A,Singelton,80,0.016
AR-117-0,AR-117-0,Chr07_A,Chr07_A-1,4937,0.9874
AR-117-0,AR-117-0,Chr07_A,Chr07_A-5,28,0.0056
AR-117-0,AR-117-0,Chr07_A,Noise,0,0
AR-117-0,AR-117-0,Chr07_A,Singelton,35,0.007
AR-183-0,AR-183-0,Chr07_A,Chimera,4,8.00E-04
AR-183-0,AR-183-0,Chr07_A,Chr07_A-12,17,0.0034
AR-183-0,AR-183-0,Chr07_A,Chr07_A-4,4177,0.8354
AR-183-0,AR-183-0,Chr07_A,Chr07_A-5,719,0.1438
AR-183-0,AR-183-0,Chr07_A,Noise,7,0.0014
AR-183-0,AR-183-0,Chr07_A,Singelton,76,0.0152
AR-183-0-FP,AR-183-0-FP,Chr07_A,Chr07_A-4,4735,0.947
AR-183-0-FP,AR-183-0-FP,Chr07_A,Chr07_A-5,205,0.041
AR-183-0-FP,AR-183-0-FP,Chr07_A,Noise,6,0.0012
AR-183-0-FP,AR-183-0-FP,Chr07_A,Singelton,54,0.0108
AR-186-0,AR-186-0,Chr07_A,Chr07_A-1,318,0.0636
AR-186-0,AR-186-0,Chr07_A,Chr07_A-2,6,0.0012
AR-186-0,AR-186-0,Chr07_A,Chr07_A-3,4621,0.9242
AR-186-0,AR-186-0,Chr07_A,Noise,0,0
AR-186-0,AR-186-0,Chr07_A,Singelton,55,0.011
AR-186-0-FP,AR-186-0-FP,Chr07_A,Chimera,7,0.0014
AR-186-0-FP,AR-186-0-FP,Chr07_A,Chr07_A-12,12,0.0024
AR-186-0-FP,AR-186-0-FP,Chr07_A,Chr07_A-4,24,0.0048
AR-186-0-FP,AR-186-0-FP,Chr07_A,Chr07_A-5,3963,0.7926
AR-186-0-FP,AR-186-0-FP,Chr07_A,Chr07_A-7,898,0.1796
AR-186-0-FP,AR-186-0-FP,Chr07_A,Noise,43,0.0086
AR-186-0-FP,AR-186-0-FP,Chr07_A,Singelton,53,0.0106
AR-201-0,AR-201-0,Chr07_A,Chr07_A-9,4931,0.9862
AR-201-0,AR-201-0,Chr07_A,Noise,1,2.00E-04
AR-201-0,AR-201-0,Chr07_A,Singelton,68,0.0136
AR-201-0-FP,AR-201-0-FP,Chr07_A,Chimera,1,2.00E-04
AR-201-0-FP,AR-201-0-FP,Chr07_A,Chr07_A-9,4838,0.9676
AR-201-0-FP,AR-201-0-FP,Chr07_A,Noise,10,0.002
AR-201-0-FP,AR-201-0-FP,Chr07_A,Singelton,151,0.0302
AR-268-0,AR-268-0,Chr07_A,Chr07_A-2,4904,0.9808
AR-268-0,AR-268-0,Chr07_A,Chr07_A-5,17,0.0034
AR-268-0,AR-268-0,Chr07_A,Chr07_A-7,7,0.0014
AR-268-0,AR-268-0,Chr07_A,Noise,1,2.00E-04
AR-268-0,AR-268-0,Chr07_A,Singelton,71,0.0142
AR-286-0-FP,AR-286-0-FP,Chr07_A,Chr07_A-2,4953,0.9906
AR-286-0-FP,AR-286-0-FP,Chr07_A,Noise,0,0
AR-286-0-FP,AR-286-0-FP,Chr07_A,Singelton,47,0.0094
AR-286-42-FP,AR-286-42-FP,Chr07_A,Chimera,66,0.0132
AR-286-42-FP,AR-286-42-FP,Chr07_A,Chr07_A-1,3318,0.6636
AR-286-42-FP,AR-286-42-FP,Chr07_A,Chr07_A-2,1554,0.3108
AR-286-42-FP,AR-286-42-FP,Chr07_A,Noise,6,0.0012
AR-286-42-FP,AR-286-42-FP,Chr07_A,Singelton,56,0.0112
AR-298-0,AR-298-0,Chr07_A,Chr07_A-5,4945,0.989
AR-298-0,AR-298-0,Chr07_A,Noise,0,0
AR-298-0,AR-298-0,Chr07_A,Singelton,55,0.011
AR-298-0-FP,AR-298-0-FP,Chr07_A,Chr07_A-2,5,0.001
AR-298-0-FP,AR-298-0-FP,Chr07_A,Chr07_A-5,4944,0.9888
AR-298-0-FP,AR-298-0-FP,Chr07_A,Noise,0,0
AR-298-0-FP,AR-298-0-FP,Chr07_A,Singelton,51,0.0102
AR-298-84-FP,AR-298-84-FP,Chr07_A,Chr07_A-7,4946,0.9892
AR-298-84-FP,AR-298-84-FP,Chr07_A,Noise,1,2.00E-04
AR-298-84-FP,AR-298-84-FP,Chr07_A,Singelton,53,0.0106
Pv6_A_1_10,Pv6_A 1/10,Chr07_A,Chr07_A-1,4928,0.9856
Pv6_A_1_10,Pv6_A 1/10,Chr07_A,Chr07_A-7,21,0.0042
Pv6_A_1_10,Pv6_A 1/10,Chr07_A,Noise,0,0
Pv6_A_1_10,Pv6_A 1/10,Chr07_A,Singelton,51,0.0102
AR-002-0,AR-002-0,Chr07_G,Chr07_G-5,4964,0.9928
AR-002-0,AR-002-0,Chr07_G,Noise,0,0
AR-002-0,AR-002-0,Chr07_G,Singelton,36,0.0072
AR-002-0-FP,AR-002-0-FP,Chr07_G,Chr07_G-5,4934,0.9868
AR-002-0-FP,AR-002-0-FP,Chr07_G,Noise,2,4.00E-04
AR-002-0-FP,AR-002-0-FP,Chr07_G,Singelton,64,0.0128
AR-002-84-FP,AR-002-84-FP,Chr07_G,Chr07_G-2,12,0.0024
AR-002-84-FP,AR-002-84-FP,Chr07_G,Chr07_G-5,4894,0.9788
AR-002-84-FP,AR-002-84-FP,Chr07_G,Noise,3,6.00E-04
AR-002-84-FP,AR-002-84-FP,Chr07_G,Singelton,91,0.0182
AR-004-0,AR-004-0,Chr07_G,Chr07_G-1,13,0.0026
AR-004-0,AR-004-0,Chr07_G,Chr07_G-6,4930,0.986
AR-004-0,AR-004-0,Chr07_G,Noise,2,4.00E-04
AR-004-0,AR-004-0,Chr07_G,Singelton,55,0.011
AR-004-0-FP,AR-004-0-FP,Chr07_G,Chr07_G-6,4955,0.991
AR-004-0-FP,AR-004-0-FP,Chr07_G,Noise,0,0
AR-004-0-FP,AR-004-0-FP,Chr07_G,Singelton,45,0.009
AR-004-168-FP,AR-004-168-FP,Chr07_G,Chr07_G-6,4960,0.992
AR-004-168-FP,AR-004-168-FP,Chr07_G,Noise,2,4.00E-04
AR-004-168-FP,AR-004-168-FP,Chr07_G,Singelton,38,0.0076
AR-005-0,AR-005-0,Chr07_G,Chr07_G-1,25,0.005
AR-005-0,AR-005-0,Chr07_G,Chr07_G-2,4834,0.9668
AR-005-0,AR-005-0,Chr07_G,Chr07_G-6,37,0.0074
AR-005-0,AR-005-0,Chr07_G,Noise,0,0
AR-005-0,AR-005-0,Chr07_G,Singelton,104,0.0208
AR-005-0-FP,AR-005-0-FP,Chr07_G,Chr07_G-2,4920,0.984
AR-005-0-FP,AR-005-0-FP,Chr07_G,Chr07_G-6,33,0.0066
AR-005-0-FP,AR-005-0-FP,Chr07_G,Indels,3,6.00E-04
AR-005-0-FP,AR-005-0-FP,Chr07_G,Noise,1,2.00E-04
AR-005-0-FP,AR-005-0-FP,Chr07_G,Singelton,43,0.0086
AR-006-0,AR-006-0,Chr07_G,Chr07_G-1,8,0.0016
AR-006-0,AR-006-0,Chr07_G,Chr07_G-2,4932,0.9864
AR-006-0,AR-006-0,Chr07_G,Chr07_G-4,13,0.0026
AR-006-0,AR-006-0,Chr07_G,Noise,0,0
AR-006-0,AR-006-0,Chr07_G,Singelton,47,0.0094
AR-006-0-FP,AR-006-0-FP,Chr07_G,Chr07_G-2,4941,0.9882
AR-006-0-FP,AR-006-0-FP,Chr07_G,Indels,1,2.00E-04
AR-006-0-FP,AR-006-0-FP,Chr07_G,Noise,2,4.00E-04
AR-006-0-FP,AR-006-0-FP,Chr07_G,Singelton,56,0.0112
AR-009-0,AR-009-0,Chr07_G,Chr07_G-1,22,0.0044
AR-009-0,AR-009-0,Chr07_G,Chr07_G-6,4932,0.9864
AR-009-0,AR-009-0,Chr07_G,Noise,1,2.00E-04
AR-009-0,AR-009-0,Chr07_G,Singelton,45,0.009
AR-009-0-FP,AR-009-0-FP,Chr07_G,Chr07_G-6,4937,0.9874
AR-009-0-FP,AR-009-0-FP,Chr07_G,Noise,0,0
AR-009-0-FP,AR-009-0-FP,Chr07_G,Singelton,63,0.0126
AR-011-0,AR-011-0,Chr07_G,Chimera,22,0.0044
AR-011-0,AR-011-0,Chr07_G,Chr07_G-2,3780,0.756
AR-011-0,AR-011-0,Chr07_G,Chr07_G-4,20,0.004
AR-011-0,AR-011-0,Chr07_G,Chr07_G-5,880,0.176
AR-011-0,AR-011-0,Chr07_G,Chr07_G-8,231,0.0462
AR-011-0,AR-011-0,Chr07_G,Chr07_G-9,8,0.0016
AR-011-0,AR-011-0,Chr07_G,Noise,2,4.00E-04
AR-011-0,AR-011-0,Chr07_G,Singelton,57,0.0114
AR-011-0-FP,AR-011-0-FP,Chr07_G,Chimera,8,0.0016
AR-011-0-FP,AR-011-0-FP,Chr07_G,Chr07_G-2,846,0.1692
AR-011-0-FP,AR-011-0-FP,Chr07_G,Chr07_G-5,4094,0.8188
AR-011-0-FP,AR-011-0-FP,Chr07_G,Noise,0,0
AR-011-0-FP,AR-011-0-FP,Chr07_G,Singelton,52,0.0104
AR-013-0,AR-013-0,Chr07_G,Chr07_G-1,4940,0.988
AR-013-0,AR-013-0,Chr07_G,Chr07_G-4,13,0.0026
AR-013-0,AR-013-0,Chr07_G,Noise,1,2.00E-04
AR-013-0,AR-013-0,Chr07_G,Singelton,46,0.0092
AR-013-0-FP,AR-013-0-FP,Chr07_G,Chr07_G-1,4942,0.9884
AR-013-0-FP,AR-013-0-FP,Chr07_G,Noise,0,0
AR-013-0-FP,AR-013-0-FP,Chr07_G,Singelton,58,0.0116
AR-013-1-FP,AR-013-1-FP,Chr07_G,Chr07_G-1,4900,0.98
AR-013-1-FP,AR-013-1-FP,Chr07_G,Chr07_G-4,7,0.0014
AR-013-1-FP,AR-013-1-FP,Chr07_G,Noise,0,0
AR-013-1-FP,AR-013-1-FP,Chr07_G,Singelton,93,0.0186
AR-013-168-FP,AR-013-168-FP,Chr07_G,Chr07_G-1,4945,0.989
AR-013-168-FP,AR-013-168-FP,Chr07_G,Chr07_G-2,12,0.0024
AR-013-168-FP,AR-013-168-FP,Chr07_G,Noise,0,0
AR-013-168-FP,AR-013-168-FP,Chr07_G,Singelton,43,0.0086
AR-013-2-FP,AR-013-2-FP,Chr07_G,Chr07_G-1,4925,0.985
AR-013-2-FP,AR-013-2-FP,Chr07_G,Chr07_G-6,26,0.0052
AR-013-2-FP,AR-013-2-FP,Chr07_G,Noise,0,0
AR-013-2-FP,AR-013-2-FP,Chr07_G,Singelton,49,0.0098
AR-016-0,AR-016-0,Chr07_G,Chr07_G-4,4911,0.9822
AR-016-0,AR-016-0,Chr07_G,Chr07_G-6,18,0.0036
AR-016-0,AR-016-0,Chr07_G,Noise,3,6.00E-04
AR-016-0,AR-016-0,Chr07_G,Singelton,68,0.0136
AR-016-70-FP,AR-016-70-FP,Chr07_G,Chr07_G-4,4936,0.9872
AR-016-70-FP,AR-016-70-FP,Chr07_G,Noise,0,0
AR-016-70-FP,AR-016-70-FP,Chr07_G,Singelton,64,0.0128
AR-016-84-FP,AR-016-84-FP,Chr07_G,Chr07_G-4,4944,0.9888
AR-016-84-FP,AR-016-84-FP,Chr07_G,Noise,0,0
AR-016-84-FP,AR-016-84-FP,Chr07_G,Singelton,56,0.0112
AR-019-0,AR-019-0,Chr07_G,Chr07_G-2,24,0.0048
AR-019-0,AR-019-0,Chr07_G,Chr07_G-6,4907,0.9814
AR-019-0,AR-019-0,Chr07_G,Noise,3,6.00E-04
AR-019-0,AR-019-0,Chr07_G,Singelton,66,0.0132
AR-019-0-FP,AR-019-0-FP,Chr07_G,Chr07_G-6,4943,0.9886
AR-019-0-FP,AR-019-0-FP,Chr07_G,Noise,1,2.00E-04
AR-019-0-FP,AR-019-0-FP,Chr07_G,Singelton,56,0.0112
AR-021-0,AR-021-0,Chr07_G,Chr07_G-6,4952,0.9904
AR-021-0,AR-021-0,Chr07_G,Noise,0,0
AR-021-0,AR-021-0,Chr07_G,Singelton,48,0.0096
AR-021-0-FP,AR-021-0-FP,Chr07_G,Chr07_G-2,4931,0.9862
AR-021-0-FP,AR-021-0-FP,Chr07_G,Chr07_G-4,17,0.0034
AR-021-0-FP,AR-021-0-FP,Chr07_G,Indels,1,2.00E-04
AR-021-0-FP,AR-021-0-FP,Chr07_G,Noise,1,2.00E-04
AR-021-0-FP,AR-021-0-FP,Chr07_G,Singelton,50,0.01
AR-042-0,AR-042-0,Chr07_G,Chr07_G-2,4860,0.972
AR-042-0,AR-042-0,Chr07_G,Chr07_G-3,22,0.0044
AR-042-0,AR-042-0,Chr07_G,Chr07_G-4,13,0.0026
AR-042-0,AR-042-0,Chr07_G,Chr07_G-5,8,0.0016
AR-042-0,AR-042-0,Chr07_G,Noise,0,0
AR-042-0,AR-042-0,Chr07_G,Singelton,97,0.0194
AR-042-0-FP,AR-042-0-FP,Chr07_G,NA,0,NaN
AR-045-0,AR-045-0,Chr07_G,NA,0,NaN
AR-045-0-FP,AR-045-0-FP,Chr07_G,Chr07_G-5,4922,0.9844
AR-045-0-FP,AR-045-0-FP,Chr07_G,Noise,2,4.00E-04
AR-045-0-FP,AR-045-0-FP,Chr07_G,Singelton,76,0.0152
AR-045-0-R,AR-045-0-R,Chr07_G,Chr07_G-5,4960,0.992
AR-045-0-R,AR-045-0-R,Chr07_G,Noise,0,0
AR-045-0-R,AR-045-0-R,Chr07_G,Singelton,40,0.008
AR-056-0,AR-056-0,Chr07_G,Chr07_G-5,4954,0.9908
AR-056-0,AR-056-0,Chr07_G,Noise,6,0.0012
AR-056-0,AR-056-0,Chr07_G,Singelton,40,0.008
AR-056-0-FP,AR-056-0-FP,Chr07_G,Chr07_G-2,4919,0.9838
AR-056-0-FP,AR-056-0-FP,Chr07_G,Chr07_G-3,40,0.008
AR-056-0-FP,AR-056-0-FP,Chr07_G,Noise,0,0
AR-056-0-FP,AR-056-0-FP,Chr07_G,Singelton,41,0.0082
AR-056-56-FP,AR-056-56-FP,Chr07_G,Chimera,25,0.005
AR-056-56-FP,AR-056-56-FP,Chr07_G,Chr07_G-11,20,0.004
AR-056-56-FP,AR-056-56-FP,Chr07_G,Chr07_G-5,3447,0.6894
AR-056-56-FP,AR-056-56-FP,Chr07_G,Chr07_G-9,1463,0.2926
AR-056-56-FP,AR-056-56-FP,Chr07_G,Noise,3,6.00E-04
AR-056-56-FP,AR-056-56-FP,Chr07_G,Singelton,42,0.0084
AR-064-0,AR-064-0,Chr07_G,Chr07_G-2,4929,0.9858
AR-064-0,AR-064-0,Chr07_G,Chr07_G-3,20,0.004
AR-064-0,AR-064-0,Chr07_G,Noise,0,0
AR-064-0,AR-064-0,Chr07_G,Singelton,51,0.0102
AR-064-0-FP,AR-064-0-FP,Chr07_G,Chr07_G-3,4943,0.9886
AR-064-0-FP,AR-064-0-FP,Chr07_G,Noise,0,0
AR-064-0-FP,AR-064-0-FP,Chr07_G,Singelton,57,0.0114
AR-064-56-FP,AR-064-56-FP,Chr07_G,Chr07_G-3,4930,0.986
AR-064-56-FP,AR-064-56-FP,Chr07_G,Noise,0,0
AR-064-56-FP,AR-064-56-FP,Chr07_G,Singelton,70,0.014
AR-064-70-FP,AR-064-70-FP,Chr07_G,Chr07_G-5,4948,0.9896
AR-064-70-FP,AR-064-70-FP,Chr07_G,Noise,0,0
AR-064-70-FP,AR-064-70-FP,Chr07_G,Singelton,52,0.0104
AR-066-0,AR-066-0,Chr07_G,Chr07_G-3,4954,0.9908
AR-066-0,AR-066-0,Chr07_G,Chr07_G-5,14,0.0028
AR-066-0,AR-066-0,Chr07_G,Noise,0,0
AR-066-0,AR-066-0,Chr07_G,Singelton,32,0.0064
AR-066-0-FP,AR-066-0-FP,Chr07_G,Chr07_G-1,4935,0.987
AR-066-0-FP,AR-066-0-FP,Chr07_G,Noise,0,0
AR-066-0-FP,AR-066-0-FP,Chr07_G,Singelton,65,0.013
AR-066-1-FP,AR-066-1-FP,Chr07_G,Chr07_G-1,4889,0.9778
AR-066-1-FP,AR-066-1-FP,Chr07_G,Chr07_G-5,18,0.0036
AR-066-1-FP,AR-066-1-FP,Chr07_G,Noise,0,0
AR-066-1-FP,AR-066-1-FP,Chr07_G,Singelton,93,0.0186
AR-066-140-FP,AR-066-140-FP,Chr07_G,Chr07_G-1,4495,0.899
AR-066-140-FP,AR-066-140-FP,Chr07_G,Chr07_G-2,249,0.0498
AR-066-140-FP,AR-066-140-FP,Chr07_G,Chr07_G-5,205,0.041
AR-066-140-FP,AR-066-140-FP,Chr07_G,Noise,0,0
AR-066-140-FP,AR-066-140-FP,Chr07_G,Singelton,51,0.0102
AR-066-168-FP,AR-066-168-FP,Chr07_G,Chr07_G-1,4937,0.9874
AR-066-168-FP,AR-066-168-FP,Chr07_G,Noise,0,0
AR-066-168-FP,AR-066-168-FP,Chr07_G,Singelton,63,0.0126
AR-067-0,AR-067-0,Chr07_G,Chr07_G-1,4953,0.9906
AR-067-0,AR-067-0,Chr07_G,Chr07_G-3,5,0.001
AR-067-0,AR-067-0,Chr07_G,Noise,0,0
AR-067-0,AR-067-0,Chr07_G,Singelton,42,0.0084
AR-067-0-FP,AR-067-0-FP,Chr07_G,Chimera,15,0.003
AR-067-0-FP,AR-067-0-FP,Chr07_G,Chr07_G-2,463,0.0926
AR-067-0-FP,AR-067-0-FP,Chr07_G,Chr07_G-5,4489,0.8978
AR-067-0-FP,AR-067-0-FP,Chr07_G,Noise,0,0
AR-067-0-FP,AR-067-0-FP,Chr07_G,Singelton,33,0.0066
AR-077-0,AR-077-0,Chr07_G,Chimera,11,0.0022
AR-077-0,AR-077-0,Chr07_G,Chr07_G-2,404,0.0808
AR-077-0,AR-077-0,Chr07_G,Chr07_G-5,4544,0.9088
AR-077-0,AR-077-0,Chr07_G,Noise,5,0.001
AR-077-0,AR-077-0,Chr07_G,Singelton,36,0.0072
AR-077-112-FP,AR-077-112-FP,Chr07_G,NA,0,NaN
AR-078-0,AR-078-0,Chr07_G,Chr07_G-3,4916,0.9832
AR-078-0,AR-078-0,Chr07_G,Chr07_G-5,27,0.0054
AR-078-0,AR-078-0,Chr07_G,Noise,0,0
AR-078-0,AR-078-0,Chr07_G,Singelton,57,0.0114
AR-082-0,AR-082-0,Chr07_G,Chr07_G-3,12,0.0024
AR-082-0,AR-082-0,Chr07_G,Chr07_G-8,34,0.0068
AR-082-0,AR-082-0,Chr07_G,Chr07_G-9,4871,0.9742
AR-082-0,AR-082-0,Chr07_G,Noise,1,2.00E-04
AR-082-0,AR-082-0,Chr07_G,Singelton,82,0.0164
AR-082-0-FP,AR-082-0-FP,Chr07_G,Chr07_G-5,4959,0.9918
AR-082-0-FP,AR-082-0-FP,Chr07_G,Noise,0,0
AR-082-0-FP,AR-082-0-FP,Chr07_G,Singelton,41,0.0082
AR-083-0,AR-083-0,Chr07_G,Chr07_G-1,11,0.0022
AR-083-0,AR-083-0,Chr07_G,Chr07_G-2,2486,0.4972
AR-083-0,AR-083-0,Chr07_G,Chr07_G-4,7,0.0014
AR-083-0,AR-083-0,Chr07_G,Chr07_G-5,2457,0.4914
AR-083-0,AR-083-0,Chr07_G,Chr07_G-6,5,0.001
AR-083-0,AR-083-0,Chr07_G,Noise,0,0
AR-083-0,AR-083-0,Chr07_G,Singelton,34,0.0068
AR-083-0-FP,AR-083-0-FP,Chr07_G,Chr07_G-2,4955,0.991
AR-083-0-FP,AR-083-0-FP,Chr07_G,Noise,1,2.00E-04
AR-083-0-FP,AR-083-0-FP,Chr07_G,Singelton,44,0.0088
AR-083-1-FP,AR-083-1-FP,Chr07_G,Chr07_G-2,4944,0.9888
AR-083-1-FP,AR-083-1-FP,Chr07_G,Noise,0,0
AR-083-1-FP,AR-083-1-FP,Chr07_G,Singelton,56,0.0112
AR-083-42-FP,AR-083-42-FP,Chr07_G,Chr07_G-2,4920,0.984
AR-083-42-FP,AR-083-42-FP,Chr07_G,Noise,0,0
AR-083-42-FP,AR-083-42-FP,Chr07_G,Singelton,80,0.016
AR-083-56-FP,AR-083-56-FP,Chr07_G,Chr07_G-2,4960,0.992
AR-083-56-FP,AR-083-56-FP,Chr07_G,Noise,0,0
AR-083-56-FP,AR-083-56-FP,Chr07_G,Singelton,40,0.008
AR-093-0,AR-093-0,Chr07_G,Chr07_G-2,23,0.0046
AR-093-0,AR-093-0,Chr07_G,Chr07_G-5,4934,0.9868
AR-093-0,AR-093-0,Chr07_G,Noise,0,0
AR-093-0,AR-093-0,Chr07_G,Singelton,43,0.0086
AR-093-0-FP,AR-093-0-FP,Chr07_G,Chr07_G-3,48,0.0096
AR-093-0-FP,AR-093-0-FP,Chr07_G,Chr07_G-5,4903,0.9806
AR-093-0-FP,AR-093-0-FP,Chr07_G,Noise,1,2.00E-04
AR-093-0-FP,AR-093-0-FP,Chr07_G,Singelton,48,0.0096
AR-102-0,AR-102-0,Chr07_G,Chr07_G-3,4938,0.9876
AR-102-0,AR-102-0,Chr07_G,Noise,0,0
AR-102-0,AR-102-0,Chr07_G,Singelton,62,0.0124
AR-102-0-FP,AR-102-0-FP,Chr07_G,Chr07_G-3,4935,0.987
AR-102-0-FP,AR-102-0-FP,Chr07_G,Chr07_G-5,22,0.0044
AR-102-0-FP,AR-102-0-FP,Chr07_G,Noise,0,0
AR-102-0-FP,AR-102-0-FP,Chr07_G,Singelton,43,0.0086
AR-102-2-FP,AR-102-2-FP,Chr07_G,NA,0,NaN
AR-102-70-FP,AR-102-70-FP,Chr07_G,Chr07_G-3,4951,0.9902
AR-102-70-FP,AR-102-70-FP,Chr07_G,Noise,0,0
AR-102-70-FP,AR-102-70-FP,Chr07_G,Singelton,49,0.0098
AR-104-0,AR-104-0,Chr07_G,Chr07_G-5,4924,0.9848
AR-104-0,AR-104-0,Chr07_G,Noise,0,0
AR-104-0,AR-104-0,Chr07_G,Singelton,76,0.0152
AR-104-0-FP,AR-104-0-FP,Chr07_G,Chr07_G-5,4964,0.9928
AR-104-0-FP,AR-104-0-FP,Chr07_G,Noise,0,0
AR-104-0-FP,AR-104-0-FP,Chr07_G,Singelton,36,0.0072
AR-105-0,AR-105-0,Chr07_G,Chr07_G-5,4923,0.9846
AR-105-0,AR-105-0,Chr07_G,Chr07_G-8,20,0.004
AR-105-0,AR-105-0,Chr07_G,Noise,6,0.0012
AR-105-0,AR-105-0,Chr07_G,Singelton,51,0.0102
AR-105-0-FP,AR-105-0-FP,Chr07_G,Chr07_G-5,4923,0.9846
AR-105-0-FP,AR-105-0-FP,Chr07_G,Noise,0,0
AR-105-0-FP,AR-105-0-FP,Chr07_G,Singelton,77,0.0154
AR-117-0,AR-117-0,Chr07_G,Chr07_G-1,4937,0.9874
AR-117-0,AR-117-0,Chr07_G,Chr07_G-5,22,0.0044
AR-117-0,AR-117-0,Chr07_G,Noise,0,0
AR-117-0,AR-117-0,Chr07_G,Singelton,41,0.0082
AR-183-0,AR-183-0,Chr07_G,Chimera,7,0.0014
AR-183-0,AR-183-0,Chr07_G,Chr07_G-11,11,0.0022
AR-183-0,AR-183-0,Chr07_G,Chr07_G-12,5,0.001
AR-183-0,AR-183-0,Chr07_G,Chr07_G-4,4196,0.8392
AR-183-0,AR-183-0,Chr07_G,Chr07_G-5,725,0.145
AR-183-0,AR-183-0,Chr07_G,Noise,1,2.00E-04
AR-183-0,AR-183-0,Chr07_G,Singelton,55,0.011
AR-183-0-FP,AR-183-0-FP,Chr07_G,Chr07_G-11,9,0.0018
AR-183-0-FP,AR-183-0-FP,Chr07_G,Chr07_G-12,5,0.001
AR-183-0-FP,AR-183-0-FP,Chr07_G,Chr07_G-4,4732,0.9464
AR-183-0-FP,AR-183-0-FP,Chr07_G,Chr07_G-5,209,0.0418
AR-183-0-FP,AR-183-0-FP,Chr07_G,Noise,2,4.00E-04
AR-183-0-FP,AR-183-0-FP,Chr07_G,Singelton,43,0.0086
AR-186-0,AR-186-0,Chr07_G,Chr07_G-1,310,0.062
AR-186-0,AR-186-0,Chr07_G,Chr07_G-2,8,0.0016
AR-186-0,AR-186-0,Chr07_G,Chr07_G-3,4628,0.9256
AR-186-0,AR-186-0,Chr07_G,Noise,0,0
AR-186-0,AR-186-0,Chr07_G,Singelton,54,0.0108
AR-186-0-FP,AR-186-0-FP,Chr07_G,Chimera,17,0.0034
AR-186-0-FP,AR-186-0-FP,Chr07_G,Chr07_G-11,6,0.0012
AR-186-0-FP,AR-186-0-FP,Chr07_G,Chr07_G-4,19,0.0038
AR-186-0-FP,AR-186-0-FP,Chr07_G,Chr07_G-5,3942,0.7884
AR-186-0-FP,AR-186-0-FP,Chr07_G,Chr07_G-6,945,0.189
AR-186-0-FP,AR-186-0-FP,Chr07_G,Noise,30,0.006
AR-186-0-FP,AR-186-0-FP,Chr07_G,Singelton,41,0.0082
AR-201-0,AR-201-0,Chr07_G,Chr07_G-8,4915,0.983
AR-201-0,AR-201-0,Chr07_G,Noise,1,2.00E-04
AR-201-0,AR-201-0,Chr07_G,Singelton,84,0.0168
AR-201-0-FP,AR-201-0-FP,Chr07_G,Chimera,1,2.00E-04
AR-201-0-FP,AR-201-0-FP,Chr07_G,Chr07_G-1,6,0.0012
AR-201-0-FP,AR-201-0-FP,Chr07_G,Chr07_G-2,5,0.001
AR-201-0-FP,AR-201-0-FP,Chr07_G,Chr07_G-8,4844,0.9688
AR-201-0-FP,AR-201-0-FP,Chr07_G,Noise,0,0
AR-201-0-FP,AR-201-0-FP,Chr07_G,Singelton,144,0.0288
AR-268-0,AR-268-0,Chr07_G,Chr07_G-2,4915,0.983
AR-268-0,AR-268-0,Chr07_G,Chr07_G-5,20,0.004
AR-268-0,AR-268-0,Chr07_G,Chr07_G-6,9,0.0018
AR-268-0,AR-268-0,Chr07_G,Noise,0,0
AR-268-0,AR-268-0,Chr07_G,Singelton,56,0.0112
AR-286-0-FP,AR-286-0-FP,Chr07_G,Chr07_G-2,4950,0.99
AR-286-0-FP,AR-286-0-FP,Chr07_G,Noise,1,2.00E-04
AR-286-0-FP,AR-286-0-FP,Chr07_G,Singelton,49,0.0098
AR-286-42-FP,AR-286-42-FP,Chr07_G,Chimera,50,0.01
AR-286-42-FP,AR-286-42-FP,Chr07_G,Chr07_G-1,3339,0.6678
AR-286-42-FP,AR-286-42-FP,Chr07_G,Chr07_G-2,1553,0.3106
AR-286-42-FP,AR-286-42-FP,Chr07_G,Noise,8,0.0016
AR-286-42-FP,AR-286-42-FP,Chr07_G,Singelton,50,0.01
AR-298-0,AR-298-0,Chr07_G,Chr07_G-5,4940,0.988
AR-298-0,AR-298-0,Chr07_G,Noise,1,2.00E-04
AR-298-0,AR-298-0,Chr07_G,Singelton,59,0.0118
AR-298-0-FP,AR-298-0-FP,Chr07_G,Chr07_G-5,4942,0.9884
AR-298-0-FP,AR-298-0-FP,Chr07_G,Noise,2,4.00E-04
AR-298-0-FP,AR-298-0-FP,Chr07_G,Singelton,56,0.0112
AR-298-84-FP,AR-298-84-FP,Chr07_G,Chr07_G-6,4944,0.9888
AR-298-84-FP,AR-298-84-FP,Chr07_G,Noise,3,6.00E-04
AR-298-84-FP,AR-298-84-FP,Chr07_G,Singelton,53,0.0106
Pv6_A_1_10,Pv6_A 1/10,Chr07_G,Chr07_G-1,4931,0.9862
Pv6_A_1_10,Pv6_A 1/10,Chr07_G,Chr07_G-6,15,0.003
Pv6_A_1_10,Pv6_A 1/10,Chr07_G,Noise,0,0
Pv6_A_1_10,Pv6_A 1/10,Chr07_G,Singelton,54,0.0108
AR-002-0,AR-002-0,Chr08,Chr08-2,4965,0.993
AR-002-0,AR-002-0,Chr08,Noise,0,0
AR-002-0,AR-002-0,Chr08,Singelton,35,0.007
AR-002-0-FP,AR-002-0-FP,Chr08,Chr08-2,4943,0.9886
AR-002-0-FP,AR-002-0-FP,Chr08,Noise,0,0
AR-002-0-FP,AR-002-0-FP,Chr08,Singelton,57,0.0114
AR-002-84-FP,AR-002-84-FP,Chr08,Chr08-2,4874,0.9748
AR-002-84-FP,AR-002-84-FP,Chr08,Noise,0,0
AR-002-84-FP,AR-002-84-FP,Chr08,Singelton,126,0.0252
AR-004-0,AR-004-0,Chr08,Chr08-1,4946,0.9892
AR-004-0,AR-004-0,Chr08,Noise,0,0
AR-004-0,AR-004-0,Chr08,Singelton,54,0.0108
AR-004-0-FP,AR-004-0-FP,Chr08,Chr08-1,4945,0.989
AR-004-0-FP,AR-004-0-FP,Chr08,Noise,0,0
AR-004-0-FP,AR-004-0-FP,Chr08,Singelton,55,0.011
AR-004-168-FP,AR-004-168-FP,Chr08,NA,0,NaN
AR-005-0,AR-005-0,Chr08,Chr08-1,4850,0.97
AR-005-0,AR-005-0,Chr08,Noise,0,0
AR-005-0,AR-005-0,Chr08,Singelton,150,0.03
AR-005-0-FP,AR-005-0-FP,Chr08,Chr08-1,4963,0.9926
AR-005-0-FP,AR-005-0-FP,Chr08,Noise,0,0
AR-005-0-FP,AR-005-0-FP,Chr08,Singelton,37,0.0074
AR-006-0,AR-006-0,Chr08,Chr08-2,4951,0.9902
AR-006-0,AR-006-0,Chr08,Noise,0,0
AR-006-0,AR-006-0,Chr08,Singelton,49,0.0098
AR-006-0-FP,AR-006-0-FP,Chr08,Chr08-2,4963,0.9926
AR-006-0-FP,AR-006-0-FP,Chr08,Noise,0,0
AR-006-0-FP,AR-006-0-FP,Chr08,Singelton,37,0.0074
AR-009-0,AR-009-0,Chr08,Chr08-1,4959,0.9918
AR-009-0,AR-009-0,Chr08,Noise,0,0
AR-009-0,AR-009-0,Chr08,Singelton,41,0.0082
AR-009-0-FP,AR-009-0-FP,Chr08,Chr08-1,4947,0.9894
AR-009-0-FP,AR-009-0-FP,Chr08,Noise,0,0
AR-009-0-FP,AR-009-0-FP,Chr08,Singelton,53,0.0106
AR-011-0,AR-011-0,Chr08,Chr08-1,4943,0.9886
AR-011-0,AR-011-0,Chr08,Noise,0,0
AR-011-0,AR-011-0,Chr08,Singelton,57,0.0114
AR-011-0-FP,AR-011-0-FP,Chr08,Chr08-1,4984,0.9968
AR-011-0-FP,AR-011-0-FP,Chr08,Noise,0,0
AR-011-0-FP,AR-011-0-FP,Chr08,Singelton,16,0.0032
AR-013-0,AR-013-0,Chr08,Chr08-1,4976,0.9952
AR-013-0,AR-013-0,Chr08,Noise,0,0
AR-013-0,AR-013-0,Chr08,Singelton,24,0.0048
AR-013-0-FP,AR-013-0-FP,Chr08,Chr08-1,4949,0.9898
AR-013-0-FP,AR-013-0-FP,Chr08,Noise,0,0
AR-013-0-FP,AR-013-0-FP,Chr08,Singelton,51,0.0102
AR-013-1-FP,AR-013-1-FP,Chr08,Chr08-1,4875,0.975
AR-013-1-FP,AR-013-1-FP,Chr08,Noise,0,0
AR-013-1-FP,AR-013-1-FP,Chr08,Singelton,125,0.025
AR-013-168-FP,AR-013-168-FP,Chr08,Chr08-1,4981,0.9962
AR-013-168-FP,AR-013-168-FP,Chr08,Noise,0,0
AR-013-168-FP,AR-013-168-FP,Chr08,Singelton,19,0.0038
AR-013-2-FP,AR-013-2-FP,Chr08,NA,0,NaN
AR-016-0,AR-016-0,Chr08,Chr08-1,4950,0.99
AR-016-0,AR-016-0,Chr08,Noise,0,0
AR-016-0,AR-016-0,Chr08,Singelton,50,0.01
AR-016-70-FP,AR-016-70-FP,Chr08,Chr08-1,4950,0.99
AR-016-70-FP,AR-016-70-FP,Chr08,Noise,0,0
AR-016-70-FP,AR-016-70-FP,Chr08,Singelton,50,0.01
AR-016-84-FP,AR-016-84-FP,Chr08,Chr08-1,4958,0.9916
AR-016-84-FP,AR-016-84-FP,Chr08,Noise,0,0
AR-016-84-FP,AR-016-84-FP,Chr08,Singelton,42,0.0084
AR-019-0,AR-019-0,Chr08,Chr08-1,4956,0.9912
AR-019-0,AR-019-0,Chr08,Indels,2,4.00E-04
AR-019-0,AR-019-0,Chr08,Noise,0,0
AR-019-0,AR-019-0,Chr08,Singelton,42,0.0084
AR-019-0-FP,AR-019-0-FP,Chr08,Chr08-1,4947,0.9894
AR-019-0-FP,AR-019-0-FP,Chr08,Noise,0,0
AR-019-0-FP,AR-019-0-FP,Chr08,Singelton,53,0.0106
AR-021-0,AR-021-0,Chr08,Chr08-1,4954,0.9908
AR-021-0,AR-021-0,Chr08,Indels,1,2.00E-04
AR-021-0,AR-021-0,Chr08,Noise,0,0
AR-021-0,AR-021-0,Chr08,Singelton,45,0.009
AR-021-0-FP,AR-021-0-FP,Chr08,Chr08-1,4953,0.9906
AR-021-0-FP,AR-021-0-FP,Chr08,Indels,1,2.00E-04
AR-021-0-FP,AR-021-0-FP,Chr08,Noise,0,0
AR-021-0-FP,AR-021-0-FP,Chr08,Singelton,46,0.0092
AR-042-0,AR-042-0,Chr08,Chr08-1,4895,0.979
AR-042-0,AR-042-0,Chr08,Noise,0,0
AR-042-0,AR-042-0,Chr08,Singelton,105,0.021
AR-045-0,AR-045-0,Chr08,NA,0,NaN
AR-045-0-FP,AR-045-0-FP,Chr08,Chr08-1,4870,0.974
AR-045-0-FP,AR-045-0-FP,Chr08,Noise,0,0
AR-045-0-FP,AR-045-0-FP,Chr08,Singelton,130,0.026
AR-045-0-R,AR-045-0-R,Chr08,Chr08-1,4965,0.993
AR-045-0-R,AR-045-0-R,Chr08,Noise,0,0
AR-045-0-R,AR-045-0-R,Chr08,Singelton,35,0.007
AR-056-0,AR-056-0,Chr08,Chr08-1,4979,0.9958
AR-056-0,AR-056-0,Chr08,Noise,0,0
AR-056-0,AR-056-0,Chr08,Singelton,21,0.0042
AR-056-0-FP,AR-056-0-FP,Chr08,Chr08-1,4971,0.9942
AR-056-0-FP,AR-056-0-FP,Chr08,Noise,0,0
AR-056-0-FP,AR-056-0-FP,Chr08,Singelton,29,0.0058
AR-056-56-FP,AR-056-56-FP,Chr08,Chr08-1,4973,0.9946
AR-056-56-FP,AR-056-56-FP,Chr08,Noise,0,0
AR-056-56-FP,AR-056-56-FP,Chr08,Singelton,27,0.0054
AR-064-0,AR-064-0,Chr08,Chr08-1,4975,0.995
AR-064-0,AR-064-0,Chr08,Noise,0,0
AR-064-0,AR-064-0,Chr08,Singelton,25,0.005
AR-064-0-FP,AR-064-0-FP,Chr08,Chr08-2,4959,0.9918
AR-064-0-FP,AR-064-0-FP,Chr08,Noise,0,0
AR-064-0-FP,AR-064-0-FP,Chr08,Singelton,41,0.0082
AR-064-56-FP,AR-064-56-FP,Chr08,Chr08-2,4950,0.99
AR-064-56-FP,AR-064-56-FP,Chr08,Noise,0,0
AR-064-56-FP,AR-064-56-FP,Chr08,Singelton,50,0.01
AR-064-70-FP,AR-064-70-FP,Chr08,Chr08-1,4957,0.9914
AR-064-70-FP,AR-064-70-FP,Chr08,Noise,0,0
AR-064-70-FP,AR-064-70-FP,Chr08,Singelton,43,0.0086
AR-066-0,AR-066-0,Chr08,Chr08-2,4973,0.9946
AR-066-0,AR-066-0,Chr08,Noise,0,0
AR-066-0,AR-066-0,Chr08,Singelton,27,0.0054
AR-066-0-FP,AR-066-0-FP,Chr08,Chr08-1,4963,0.9926
AR-066-0-FP,AR-066-0-FP,Chr08,Noise,0,0
AR-066-0-FP,AR-066-0-FP,Chr08,Singelton,37,0.0074
AR-066-1-FP,AR-066-1-FP,Chr08,Chr08-1,4889,0.9778
AR-066-1-FP,AR-066-1-FP,Chr08,Noise,0,0
AR-066-1-FP,AR-066-1-FP,Chr08,Singelton,111,0.0222
AR-066-140-FP,AR-066-140-FP,Chr08,Chr08-1,4946,0.9892
AR-066-140-FP,AR-066-140-FP,Chr08,Noise,0,0
AR-066-140-FP,AR-066-140-FP,Chr08,Singelton,54,0.0108
AR-066-168-FP,AR-066-168-FP,Chr08,Chr08-1,4953,0.9906
AR-066-168-FP,AR-066-168-FP,Chr08,Noise,0,0
AR-066-168-FP,AR-066-168-FP,Chr08,Singelton,47,0.0094
AR-067-0,AR-067-0,Chr08,Chr08-1,4961,0.9922
AR-067-0,AR-067-0,Chr08,Noise,0,0
AR-067-0,AR-067-0,Chr08,Singelton,39,0.0078
AR-067-0-FP,AR-067-0-FP,Chr08,Chr08-1,4970,0.994
AR-067-0-FP,AR-067-0-FP,Chr08,Noise,0,0
AR-067-0-FP,AR-067-0-FP,Chr08,Singelton,30,0.006
AR-077-0,AR-077-0,Chr08,Chr08-1,4972,0.9944
AR-077-0,AR-077-0,Chr08,Noise,0,0
AR-077-0,AR-077-0,Chr08,Singelton,28,0.0056
AR-077-112-FP,AR-077-112-FP,Chr08,Chr08-1,4977,0.9954
AR-077-112-FP,AR-077-112-FP,Chr08,Noise,0,0
AR-077-112-FP,AR-077-112-FP,Chr08,Singelton,23,0.0046
AR-078-0,AR-078-0,Chr08,Chr08-2,4932,0.9864
AR-078-0,AR-078-0,Chr08,Noise,0,0
AR-078-0,AR-078-0,Chr08,Singelton,68,0.0136
AR-082-0,AR-082-0,Chr08,Chr08-1,4846,0.9692
AR-082-0,AR-082-0,Chr08,Noise,0,0
AR-082-0,AR-082-0,Chr08,Singelton,154,0.0308
AR-082-0-FP,AR-082-0-FP,Chr08,Chr08-1,4966,0.9932
AR-082-0-FP,AR-082-0-FP,Chr08,Noise,0,0
AR-082-0-FP,AR-082-0-FP,Chr08,Singelton,34,0.0068
AR-083-0,AR-083-0,Chr08,Chr08-1,4952,0.9904
AR-083-0,AR-083-0,Chr08,Noise,0,0
AR-083-0,AR-083-0,Chr08,Singelton,48,0.0096
AR-083-0-FP,AR-083-0-FP,Chr08,Chr08-1,4954,0.9908
AR-083-0-FP,AR-083-0-FP,Chr08,Noise,0,0
AR-083-0-FP,AR-083-0-FP,Chr08,Singelton,46,0.0092
AR-083-1-FP,AR-083-1-FP,Chr08,Chr08-1,4948,0.9896
AR-083-1-FP,AR-083-1-FP,Chr08,Noise,0,0
AR-083-1-FP,AR-083-1-FP,Chr08,Singelton,52,0.0104
AR-083-42-FP,AR-083-42-FP,Chr08,Chr08-1,4869,0.9738
AR-083-42-FP,AR-083-42-FP,Chr08,Noise,0,0
AR-083-42-FP,AR-083-42-FP,Chr08,Singelton,131,0.0262
AR-083-56-FP,AR-083-56-FP,Chr08,Chr08-1,4969,0.9938
AR-083-56-FP,AR-083-56-FP,Chr08,Noise,0,0
AR-083-56-FP,AR-083-56-FP,Chr08,Singelton,31,0.0062
AR-093-0,AR-093-0,Chr08,Chr08-1,4961,0.9922
AR-093-0,AR-093-0,Chr08,Noise,0,0
AR-093-0,AR-093-0,Chr08,Singelton,39,0.0078
AR-093-0-FP,AR-093-0-FP,Chr08,Chr08-1,4945,0.989
AR-093-0-FP,AR-093-0-FP,Chr08,Noise,0,0
AR-093-0-FP,AR-093-0-FP,Chr08,Singelton,55,0.011
AR-102-0,AR-102-0,Chr08,Chr08-1,4934,0.9868
AR-102-0,AR-102-0,Chr08,Indels,1,2.00E-04
AR-102-0,AR-102-0,Chr08,Noise,0,0
AR-102-0,AR-102-0,Chr08,Singelton,65,0.013
AR-102-0-FP,AR-102-0-FP,Chr08,Chr08-1,4955,0.991
AR-102-0-FP,AR-102-0-FP,Chr08,Noise,0,0
AR-102-0-FP,AR-102-0-FP,Chr08,Singelton,45,0.009
AR-102-2-FP,AR-102-2-FP,Chr08,NA,0,NaN
AR-102-70-FP,AR-102-70-FP,Chr08,Chr08-1,4940,0.988
AR-102-70-FP,AR-102-70-FP,Chr08,Noise,0,0
AR-102-70-FP,AR-102-70-FP,Chr08,Singelton,60,0.012
AR-104-0,AR-104-0,Chr08,Chr08-1,4877,0.9754
AR-104-0,AR-104-0,Chr08,Noise,0,0
AR-104-0,AR-104-0,Chr08,Singelton,123,0.0246
AR-104-0-FP,AR-104-0-FP,Chr08,Chr08-1,4958,0.9916
AR-104-0-FP,AR-104-0-FP,Chr08,Noise,0,0
AR-104-0-FP,AR-104-0-FP,Chr08,Singelton,42,0.0084
AR-105-0,AR-105-0,Chr08,Chr08-2,4937,0.9874
AR-105-0,AR-105-0,Chr08,Noise,0,0
AR-105-0,AR-105-0,Chr08,Singelton,63,0.0126
AR-105-0-FP,AR-105-0-FP,Chr08,Chr08-2,4934,0.9868
AR-105-0-FP,AR-105-0-FP,Chr08,Noise,0,0
AR-105-0-FP,AR-105-0-FP,Chr08,Singelton,66,0.0132
AR-117-0,AR-117-0,Chr08,Chr08-1,4971,0.9942
AR-117-0,AR-117-0,Chr08,Noise,0,0
AR-117-0,AR-117-0,Chr08,Singelton,29,0.0058
AR-183-0,AR-183-0,Chr08,Chr08-1,4972,0.9944
AR-183-0,AR-183-0,Chr08,Noise,0,0
AR-183-0,AR-183-0,Chr08,Singelton,28,0.0056
AR-183-0-FP,AR-183-0-FP,Chr08,Chr08-1,4947,0.9894
AR-183-0-FP,AR-183-0-FP,Chr08,Indels,1,2.00E-04
AR-183-0-FP,AR-183-0-FP,Chr08,Noise,0,0
AR-183-0-FP,AR-183-0-FP,Chr08,Singelton,52,0.0104
AR-186-0,AR-186-0,Chr08,Chr08-1,4961,0.9922
AR-186-0,AR-186-0,Chr08,Noise,0,0
AR-186-0,AR-186-0,Chr08,Singelton,39,0.0078
AR-186-0-FP,AR-186-0-FP,Chr08,Chr08-1,4965,0.993
AR-186-0-FP,AR-186-0-FP,Chr08,Noise,0,0
AR-186-0-FP,AR-186-0-FP,Chr08,Singelton,35,0.007
AR-201-0,AR-201-0,Chr08,Chr08-1,4944,0.9888
AR-201-0,AR-201-0,Chr08,Noise,0,0
AR-201-0,AR-201-0,Chr08,Singelton,56,0.0112
AR-201-0-FP,AR-201-0-FP,Chr08,Chr08-1,4855,0.971
AR-201-0-FP,AR-201-0-FP,Chr08,Noise,0,0
AR-201-0-FP,AR-201-0-FP,Chr08,Singelton,145,0.029
AR-268-0,AR-268-0,Chr08,Chr08-1,4942,0.9884
AR-268-0,AR-268-0,Chr08,Indels,1,2.00E-04
AR-268-0,AR-268-0,Chr08,Noise,0,0
AR-268-0,AR-268-0,Chr08,Singelton,57,0.0114
AR-286-0-FP,AR-286-0-FP,Chr08,Chr08-1,4967,0.9934
AR-286-0-FP,AR-286-0-FP,Chr08,Noise,0,0
AR-286-0-FP,AR-286-0-FP,Chr08,Singelton,33,0.0066
AR-286-42-FP,AR-286-42-FP,Chr08,Chr08-1,4950,0.99
AR-286-42-FP,AR-286-42-FP,Chr08,Noise,0,0
AR-286-42-FP,AR-286-42-FP,Chr08,Singelton,50,0.01
AR-298-0,AR-298-0,Chr08,Chr08-1,4961,0.9922
AR-298-0,AR-298-0,Chr08,Noise,0,0
AR-298-0,AR-298-0,Chr08,Singelton,39,0.0078
AR-298-0-FP,AR-298-0-FP,Chr08,Chr08-1,4950,0.99
AR-298-0-FP,AR-298-0-FP,Chr08,Noise,0,0
AR-298-0-FP,AR-298-0-FP,Chr08,Singelton,50,0.01
AR-298-84-FP,AR-298-84-FP,Chr08,Chr08-1,4979,0.9958
AR-298-84-FP,AR-298-84-FP,Chr08,Noise,0,0
AR-298-84-FP,AR-298-84-FP,Chr08,Singelton,21,0.0042
Pv6_A_1_10,Pv6_A 1/10,Chr08,Chr08-1,4961,0.9922
Pv6_A_1_10,Pv6_A 1/10,Chr08,Noise,0,0
Pv6_A_1_10,Pv6_A 1/10,Chr08,Singelton,39,0.0078
AR-002-0,AR-002-0,Chr13,Chr13-1,4983,0.9966
AR-002-0,AR-002-0,Chr13,Noise,0,0
AR-002-0,AR-002-0,Chr13,Singelton,17,0.0034
AR-002-0-FP,AR-002-0-FP,Chr13,Chr13-1,4981,0.9962
AR-002-0-FP,AR-002-0-FP,Chr13,Noise,0,0
AR-002-0-FP,AR-002-0-FP,Chr13,Singelton,19,0.0038
AR-002-84-FP,AR-002-84-FP,Chr13,Chr13-1,4961,0.9922
AR-002-84-FP,AR-002-84-FP,Chr13,Noise,0,0
AR-002-84-FP,AR-002-84-FP,Chr13,Singelton,39,0.0078
AR-004-0,AR-004-0,Chr13,Chr13-3,4978,0.9956
AR-004-0,AR-004-0,Chr13,Noise,0,0
AR-004-0,AR-004-0,Chr13,Singelton,22,0.0044
AR-004-0-FP,AR-004-0-FP,Chr13,Chr13-3,4954,0.9908
AR-004-0-FP,AR-004-0-FP,Chr13,Chr13-5,34,0.0068
AR-004-0-FP,AR-004-0-FP,Chr13,Noise,0,0
AR-004-0-FP,AR-004-0-FP,Chr13,Singelton,12,0.0024
AR-004-168-FP,AR-004-168-FP,Chr13,NA,0,NaN
AR-005-0,AR-005-0,Chr13,Chr13-1,4971,0.9942
AR-005-0,AR-005-0,Chr13,Noise,0,0
AR-005-0,AR-005-0,Chr13,Singelton,29,0.0058
AR-005-0-FP,AR-005-0-FP,Chr13,Chr13-1,4984,0.9968
AR-005-0-FP,AR-005-0-FP,Chr13,Noise,0,0
AR-005-0-FP,AR-005-0-FP,Chr13,Singelton,16,0.0032
AR-006-0,AR-006-0,Chr13,Chr13-1,4958,0.9916
AR-006-0,AR-006-0,Chr13,Indels,22,0.0044
AR-006-0,AR-006-0,Chr13,Noise,0,0
AR-006-0,AR-006-0,Chr13,Singelton,20,0.004
AR-006-0-FP,AR-006-0-FP,Chr13,Chr13-1,4987,0.9974
AR-006-0-FP,AR-006-0-FP,Chr13,Noise,0,0
AR-006-0-FP,AR-006-0-FP,Chr13,Singelton,13,0.0026
AR-009-0,AR-009-0,Chr13,Chr13-5,4987,0.9974
AR-009-0,AR-009-0,Chr13,Noise,0,0
AR-009-0,AR-009-0,Chr13,Singelton,13,0.0026
AR-009-0-FP,AR-009-0-FP,Chr13,Chr13-5,4977,0.9954
AR-009-0-FP,AR-009-0-FP,Chr13,Noise,0,0
AR-009-0-FP,AR-009-0-FP,Chr13,Singelton,23,0.0046
AR-011-0,AR-011-0,Chr13,Chr13-1,4988,0.9976
AR-011-0,AR-011-0,Chr13,Noise,0,0
AR-011-0,AR-011-0,Chr13,Singelton,12,0.0024
AR-011-0-FP,AR-011-0-FP,Chr13,Chr13-1,4984,0.9968
AR-011-0-FP,AR-011-0-FP,Chr13,Noise,0,0
AR-011-0-FP,AR-011-0-FP,Chr13,Singelton,16,0.0032
AR-013-0,AR-013-0,Chr13,Chr13-4,18,0.0036
AR-013-0,AR-013-0,Chr13,Indels,4967,0.9934
AR-013-0,AR-013-0,Chr13,Noise,0,0
AR-013-0,AR-013-0,Chr13,Singelton,15,0.003
AR-013-0-FP,AR-013-0-FP,Chr13,Indels,4988,0.9976
AR-013-0-FP,AR-013-0-FP,Chr13,Noise,0,0
AR-013-0-FP,AR-013-0-FP,Chr13,Singelton,12,0.0024
AR-013-1-FP,AR-013-1-FP,Chr13,Chr13-4,6,0.0012
AR-013-1-FP,AR-013-1-FP,Chr13,Indels,4934,0.9868
AR-013-1-FP,AR-013-1-FP,Chr13,Noise,0,0
AR-013-1-FP,AR-013-1-FP,Chr13,Singelton,60,0.012
AR-013-168-FP,AR-013-168-FP,Chr13,Chr13-4,10,0.002
AR-013-168-FP,AR-013-168-FP,Chr13,Indels,4977,0.9954
AR-013-168-FP,AR-013-168-FP,Chr13,Noise,0,0
AR-013-168-FP,AR-013-168-FP,Chr13,Singelton,13,0.0026
AR-013-2-FP,AR-013-2-FP,Chr13,Indels,4984,0.9968
AR-013-2-FP,AR-013-2-FP,Chr13,Noise,0,0
AR-013-2-FP,AR-013-2-FP,Chr13,Singelton,16,0.0032
AR-016-0,AR-016-0,Chr13,Chr13-4,4960,0.992
AR-016-0,AR-016-0,Chr13,Chr13-5,29,0.0058
AR-016-0,AR-016-0,Chr13,Noise,0,0
AR-016-0,AR-016-0,Chr13,Singelton,11,0.0022
AR-016-70-FP,AR-016-70-FP,Chr13,Chr13-4,4989,0.9978
AR-016-70-FP,AR-016-70-FP,Chr13,Noise,0,0
AR-016-70-FP,AR-016-70-FP,Chr13,Singelton,11,0.0022
AR-016-84-FP,AR-016-84-FP,Chr13,Chr13-4,4990,0.998
AR-016-84-FP,AR-016-84-FP,Chr13,Noise,0,0
AR-016-84-FP,AR-016-84-FP,Chr13,Singelton,10,0.002
AR-019-0,AR-019-0,Chr13,Chr13-4,18,0.0036
AR-019-0,AR-019-0,Chr13,Chr13-5,4967,0.9934
AR-019-0,AR-019-0,Chr13,Noise,0,0
AR-019-0,AR-019-0,Chr13,Singelton,15,0.003
AR-019-0-FP,AR-019-0-FP,Chr13,Chr13-5,4983,0.9966
AR-019-0-FP,AR-019-0-FP,Chr13,Noise,0,0
AR-019-0-FP,AR-019-0-FP,Chr13,Singelton,17,0.0034
AR-021-0,AR-021-0,Chr13,Chr13-5,4982,0.9964
AR-021-0,AR-021-0,Chr13,Noise,0,0
AR-021-0,AR-021-0,Chr13,Singelton,18,0.0036
AR-021-0-FP,AR-021-0-FP,Chr13,Chr13-4,4990,0.998
AR-021-0-FP,AR-021-0-FP,Chr13,Noise,0,0
AR-021-0-FP,AR-021-0-FP,Chr13,Singelton,10,0.002
AR-042-0,AR-042-0,Chr13,Chr13-4,4963,0.9926
AR-042-0,AR-042-0,Chr13,Noise,0,0
AR-042-0,AR-042-0,Chr13,Singelton,37,0.0074
AR-045-0,AR-045-0,Chr13,NA,0,NaN
AR-045-0-FP,AR-045-0-FP,Chr13,Chr13-3,4948,0.9896
AR-045-0-FP,AR-045-0-FP,Chr13,Noise,0,0
AR-045-0-FP,AR-045-0-FP,Chr13,Singelton,52,0.0104
AR-045-0-R,AR-045-0-R,Chr13,Chr13-3,4994,0.9988
AR-045-0-R,AR-045-0-R,Chr13,Noise,0,0
AR-045-0-R,AR-045-0-R,Chr13,Singelton,6,0.0012
AR-056-0,AR-056-0,Chr13,Chr13-3,4993,0.9986
AR-056-0,AR-056-0,Chr13,Noise,0,0
AR-056-0,AR-056-0,Chr13,Singelton,7,0.0014
AR-056-0-FP,AR-056-0-FP,Chr13,Chr13-1,4982,0.9964
AR-056-0-FP,AR-056-0-FP,Chr13,Noise,0,0
AR-056-0-FP,AR-056-0-FP,Chr13,Singelton,18,0.0036
AR-056-56-FP,AR-056-56-FP,Chr13,Chr13-3,4988,0.9976
AR-056-56-FP,AR-056-56-FP,Chr13,Noise,0,0
AR-056-56-FP,AR-056-56-FP,Chr13,Singelton,12,0.0024
AR-064-0,AR-064-0,Chr13,Chr13-1,4992,0.9984
AR-064-0,AR-064-0,Chr13,Noise,0,0
AR-064-0,AR-064-0,Chr13,Singelton,8,0.0016
AR-064-0-FP,AR-064-0-FP,Chr13,Indels,4995,0.999
AR-064-0-FP,AR-064-0-FP,Chr13,Noise,0,0
AR-064-0-FP,AR-064-0-FP,Chr13,Singelton,5,0.001
AR-064-56-FP,AR-064-56-FP,Chr13,Chr13-3,917,0.1834
AR-064-56-FP,AR-064-56-FP,Chr13,Indels,4060,0.812
AR-064-56-FP,AR-064-56-FP,Chr13,Noise,0,0
AR-064-56-FP,AR-064-56-FP,Chr13,Singelton,23,0.0046
AR-064-70-FP,AR-064-70-FP,Chr13,Chr13-4,4990,0.998
AR-064-70-FP,AR-064-70-FP,Chr13,Noise,0,0
AR-064-70-FP,AR-064-70-FP,Chr13,Singelton,10,0.002
AR-066-0,AR-066-0,Chr13,Indels,4985,0.997
AR-066-0,AR-066-0,Chr13,Noise,0,0
AR-066-0,AR-066-0,Chr13,Singelton,15,0.003
AR-066-0-FP,AR-066-0-FP,Chr13,Chr13-3,4994,0.9988
AR-066-0-FP,AR-066-0-FP,Chr13,Noise,0,0
AR-066-0-FP,AR-066-0-FP,Chr13,Singelton,6,0.0012
AR-066-1-FP,AR-066-1-FP,Chr13,Chr13-3,4956,0.9912
AR-066-1-FP,AR-066-1-FP,Chr13,Noise,0,0
AR-066-1-FP,AR-066-1-FP,Chr13,Singelton,44,0.0088
AR-066-140-FP,AR-066-140-FP,Chr13,Chr13-3,4978,0.9956
AR-066-140-FP,AR-066-140-FP,Chr13,Noise,0,0
AR-066-140-FP,AR-066-140-FP,Chr13,Singelton,22,0.0044
AR-066-168-FP,AR-066-168-FP,Chr13,Chr13-3,4979,0.9958
AR-066-168-FP,AR-066-168-FP,Chr13,Noise,0,0
AR-066-168-FP,AR-066-168-FP,Chr13,Singelton,21,0.0042
AR-067-0,AR-067-0,Chr13,Chr13-3,4983,0.9966
AR-067-0,AR-067-0,Chr13,Noise,0,0
AR-067-0,AR-067-0,Chr13,Singelton,17,0.0034
AR-067-0-FP,AR-067-0-FP,Chr13,Chr13-3,4991,0.9982
AR-067-0-FP,AR-067-0-FP,Chr13,Noise,0,0
AR-067-0-FP,AR-067-0-FP,Chr13,Singelton,9,0.0018
AR-077-0,AR-077-0,Chr13,Chr13-3,4988,0.9976
AR-077-0,AR-077-0,Chr13,Noise,0,0
AR-077-0,AR-077-0,Chr13,Singelton,12,0.0024
AR-077-112-FP,AR-077-112-FP,Chr13,NA,0,NaN
AR-078-0,AR-078-0,Chr13,Indels,4989,0.9978
AR-078-0,AR-078-0,Chr13,Noise,0,0
AR-078-0,AR-078-0,Chr13,Singelton,11,0.0022
AR-082-0,AR-082-0,Chr13,Chr13-1,4947,0.9894
AR-082-0,AR-082-0,Chr13,Noise,0,0
AR-082-0,AR-082-0,Chr13,Singelton,53,0.0106
AR-082-0-FP,AR-082-0-FP,Chr13,Chr13-3,4986,0.9972
AR-082-0-FP,AR-082-0-FP,Chr13,Noise,0,0
AR-082-0-FP,AR-082-0-FP,Chr13,Singelton,14,0.0028
AR-083-0,AR-083-0,Chr13,Chr13-4,4979,0.9958
AR-083-0,AR-083-0,Chr13,Noise,0,0
AR-083-0,AR-083-0,Chr13,Singelton,21,0.0042
AR-083-0-FP,AR-083-0-FP,Chr13,Chr13-4,4991,0.9982
AR-083-0-FP,AR-083-0-FP,Chr13,Noise,0,0
AR-083-0-FP,AR-083-0-FP,Chr13,Singelton,9,0.0018
AR-083-1-FP,AR-083-1-FP,Chr13,Chr13-4,4986,0.9972
AR-083-1-FP,AR-083-1-FP,Chr13,Noise,0,0
AR-083-1-FP,AR-083-1-FP,Chr13,Singelton,14,0.0028
AR-083-42-FP,AR-083-42-FP,Chr13,Chr13-4,4963,0.9926
AR-083-42-FP,AR-083-42-FP,Chr13,Noise,0,0
AR-083-42-FP,AR-083-42-FP,Chr13,Singelton,37,0.0074
AR-083-56-FP,AR-083-56-FP,Chr13,Chr13-4,4989,0.9978
AR-083-56-FP,AR-083-56-FP,Chr13,Noise,0,0
AR-083-56-FP,AR-083-56-FP,Chr13,Singelton,11,0.0022
AR-093-0,AR-093-0,Chr13,Chr13-3,4994,0.9988
AR-093-0,AR-093-0,Chr13,Noise,0,0
AR-093-0,AR-093-0,Chr13,Singelton,6,0.0012
AR-093-0-FP,AR-093-0-FP,Chr13,Chr13-3,4985,0.997
AR-093-0-FP,AR-093-0-FP,Chr13,Noise,0,0
AR-093-0-FP,AR-093-0-FP,Chr13,Singelton,15,0.003
AR-102-0,AR-102-0,Chr13,Chr13-1,4980,0.996
AR-102-0,AR-102-0,Chr13,Noise,0,0
AR-102-0,AR-102-0,Chr13,Singelton,20,0.004
AR-102-0-FP,AR-102-0-FP,Chr13,Chr13-1,4991,0.9982
AR-102-0-FP,AR-102-0-FP,Chr13,Noise,0,0
AR-102-0-FP,AR-102-0-FP,Chr13,Singelton,9,0.0018
AR-102-2-FP,AR-102-2-FP,Chr13,NA,0,NaN
AR-102-70-FP,AR-102-70-FP,Chr13,Chr13-1,4984,0.9968
AR-102-70-FP,AR-102-70-FP,Chr13,Noise,0,0
AR-102-70-FP,AR-102-70-FP,Chr13,Singelton,16,0.0032
AR-104-0,AR-104-0,Chr13,Chr13-3,4966,0.9932
AR-104-0,AR-104-0,Chr13,Noise,0,0
AR-104-0,AR-104-0,Chr13,Singelton,34,0.0068
AR-104-0-FP,AR-104-0-FP,Chr13,Chr13-3,4995,0.999
AR-104-0-FP,AR-104-0-FP,Chr13,Noise,0,0
AR-104-0-FP,AR-104-0-FP,Chr13,Singelton,5,0.001
AR-105-0,AR-105-0,Chr13,Chr13-3,4988,0.9976
AR-105-0,AR-105-0,Chr13,Noise,0,0
AR-105-0,AR-105-0,Chr13,Singelton,12,0.0024
AR-105-0-FP,AR-105-0-FP,Chr13,Chr13-3,4980,0.996
AR-105-0-FP,AR-105-0-FP,Chr13,Noise,0,0
AR-105-0-FP,AR-105-0-FP,Chr13,Singelton,20,0.004
AR-117-0,AR-117-0,Chr13,Chr13-1,4983,0.9966
AR-117-0,AR-117-0,Chr13,Indels,5,0.001
AR-117-0,AR-117-0,Chr13,Noise,0,0
AR-117-0,AR-117-0,Chr13,Singelton,12,0.0024
AR-183-0,AR-183-0,Chr13,Chr13-2,4985,0.997
AR-183-0,AR-183-0,Chr13,Indels,2,4.00E-04
AR-183-0,AR-183-0,Chr13,Noise,0,0
AR-183-0,AR-183-0,Chr13,Singelton,13,0.0026
AR-183-0-FP,AR-183-0-FP,Chr13,Chr13-2,4956,0.9912
AR-183-0-FP,AR-183-0-FP,Chr13,Chr13-3,29,0.0058
AR-183-0-FP,AR-183-0-FP,Chr13,Noise,0,0
AR-183-0-FP,AR-183-0-FP,Chr13,Singelton,15,0.003
AR-186-0,AR-186-0,Chr13,Chr13-3,4976,0.9952
AR-186-0,AR-186-0,Chr13,Indels,7,0.0014
AR-186-0,AR-186-0,Chr13,Noise,0,0
AR-186-0,AR-186-0,Chr13,Singelton,17,0.0034
AR-186-0-FP,AR-186-0-FP,Chr13,Chr13-3,4991,0.9982
AR-186-0-FP,AR-186-0-FP,Chr13,Noise,0,0
AR-186-0-FP,AR-186-0-FP,Chr13,Singelton,9,0.0018
AR-201-0,AR-201-0,Chr13,Chr13-3,4980,0.996
AR-201-0,AR-201-0,Chr13,Noise,0,0
AR-201-0,AR-201-0,Chr13,Singelton,20,0.004
AR-201-0-FP,AR-201-0-FP,Chr13,Chr13-3,4965,0.993
AR-201-0-FP,AR-201-0-FP,Chr13,Noise,0,0
AR-201-0-FP,AR-201-0-FP,Chr13,Singelton,35,0.007
AR-268-0,AR-268-0,Chr13,Chr13-1,4985,0.997
AR-268-0,AR-268-0,Chr13,Noise,0,0
AR-268-0,AR-268-0,Chr13,Singelton,15,0.003
AR-286-0-FP,AR-286-0-FP,Chr13,Chr13-1,4991,0.9982
AR-286-0-FP,AR-286-0-FP,Chr13,Noise,0,0
AR-286-0-FP,AR-286-0-FP,Chr13,Singelton,9,0.0018
AR-286-42-FP,AR-286-42-FP,Chr13,Chr13-4,3477,0.6954
AR-286-42-FP,AR-286-42-FP,Chr13,Chr13-5,1510,0.302
AR-286-42-FP,AR-286-42-FP,Chr13,Noise,0,0
AR-286-42-FP,AR-286-42-FP,Chr13,Singelton,13,0.0026
AR-298-0,AR-298-0,Chr13,Chr13-3,4980,0.996
AR-298-0,AR-298-0,Chr13,Noise,0,0
AR-298-0,AR-298-0,Chr13,Singelton,20,0.004
AR-298-0-FP,AR-298-0-FP,Chr13,Chr13-3,4980,0.996
AR-298-0-FP,AR-298-0-FP,Chr13,Noise,0,0
AR-298-0-FP,AR-298-0-FP,Chr13,Singelton,20,0.004
AR-298-84-FP,AR-298-84-FP,Chr13,Chr13-1,4993,0.9986
AR-298-84-FP,AR-298-84-FP,Chr13,Noise,0,0
AR-298-84-FP,AR-298-84-FP,Chr13,Singelton,7,0.0014
Pv6_A_1_10,Pv6_A 1/10,Chr13,Chr13-1,22,0.0044
Pv6_A_1_10,Pv6_A 1/10,Chr13,Chr13-4,4963,0.9926
Pv6_A_1_10,Pv6_A 1/10,Chr13,Indels,6,0.0012
Pv6_A_1_10,Pv6_A 1/10,Chr13,Noise,0,0
Pv6_A_1_10,Pv6_A 1/10,Chr13,Singelton,9,0.0018
