sample_id,info,infoD,barcode_fwd,barcode_rev,F_1,R_1,Newsampleid
0.7_Pv,Pv9,Pv9,CAAGGAGC,GCTAACGA,Fwd_16,Rev_20,Fwd_16-Rev_20
0.7_Pv_R,Pv9,Pv9,CAAGGAGC,GACAGTGC,Fwd_16,Rev_24,Fwd_16-Rev_24
1:1_A,MixA,1_1,TGAAGAGA,GTGTTCTA,Fwd_12,Rev_21,Fwd_12-Rev_21
1:1_B,MixB,1_1,TTCACGCA,GATAGACA,Fwd_14,Rev_19,Fwd_14-Rev_19
1:1_R_A,MixA,1_1,TGGTGGTA,GCTAACGA,Fwd_13,Rev_20,Fwd_13-Rev_20
1:1_R_B,MixB,1_1,AGCACCTC,CTGGCATA,Fwd_15,Rev_18,Fwd_15-Rev_18
1:10_A,MixA,1_10,TGAAGAGA,TCCGTCTA,Fwd_12,Rev_22,Fwd_12-Rev_22
1:10_B,MixB,1_10,TTCACGCA,GCTAACGA,Fwd_14,Rev_20,Fwd_14-Rev_20
1:10_R_A,MixA,1_10,TGGTGGTA,GTGTTCTA,Fwd_13,Rev_21,Fwd_13-Rev_21
1:10_R_B,MixB,1_10,AGCACCTC,GATAGACA,Fwd_15,Rev_19,Fwd_15-Rev_19
1:100_A,MixA,1_100,TGAAGAGA,GACAGTGC,Fwd_12,Rev_24,Fwd_12-Rev_24
1:100_B,MixB,1_100,TTCACGCA,TCCGTCTA,Fwd_14,Rev_22,Fwd_14-Rev_22
1:100_R_A,MixA,1_100,TGGTGGTA,CCTAATCC,Fwd_13,Rev_23,Fwd_13-Rev_23
1:100_R_B,MixB,1_100,AGCACCTC,GTGTTCTA,Fwd_15,Rev_21,Fwd_15-Rev_21
1:1000_A,MixA,1_1000,TGGTGGTA,ACGCTCGA,Fwd_13,Rev_14,Fwd_13-Rev_14
1:1000_B,MixB,1_1000,TTCACGCA,GACAGTGC,Fwd_14,Rev_24,Fwd_14-Rev_24
1:1000_R_A,MixA,1_1000,TTCACGCA,ATGCCTAA,Fwd_14,Rev_13,Fwd_14-Rev_13
1:1000_R_B,MixB,1_1000,AGCACCTC,CCTAATCC,Fwd_15,Rev_23,Fwd_15-Rev_23
1:50_A,MixA,1_50,TGAAGAGA,CCTAATCC,Fwd_12,Rev_23,Fwd_12-Rev_23
1:50_B,MixB,1_50,TTCACGCA,GTGTTCTA,Fwd_14,Rev_21,Fwd_14-Rev_21
1:50_R_A,MixA,1_50,TGGTGGTA,TCCGTCTA,Fwd_13,Rev_22,Fwd_13-Rev_22
1:50_R_B,MixB,1_50,AGCACCTC,GCTAACGA,Fwd_15,Rev_20,Fwd_15-Rev_20
1:500_A,MixA,1_500,TGGTGGTA,ATGCCTAA,Fwd_13,Rev_13,Fwd_13-Rev_13
1:500_B,MixB,1_500,TTCACGCA,CCTAATCC,Fwd_14,Rev_23,Fwd_14-Rev_23
1:500_R_A,MixA,1_500,TGGTGGTA,GACAGTGC,Fwd_13,Rev_24,Fwd_13-Rev_24
1:500_R_B,MixB,1_500,AGCACCTC,TCCGTCTA,Fwd_15,Rev_22,Fwd_15-Rev_22
10:1_A,MixA,10_1,TGGTGGTA,GATAGACA,Fwd_13,Rev_19,Fwd_13-Rev_19
10:1_B,MixB,10_1,AGCACCTC,CGCATACA,Fwd_15,Rev_17,Fwd_15-Rev_17
10:1_R_A,MixA,10_1,TTCACGCA,CTGGCATA,Fwd_14,Rev_18,Fwd_14-Rev_18
10:1_R_B,MixB,10_1,CAAGGAGC,ATCCTGTA,Fwd_16,Rev_16,Fwd_16-Rev_16
100:1_A,MixA,100_1,TGGTGGTA,CGCATACA,Fwd_13,Rev_17,Fwd_13-Rev_17
100:1_B,MixB,100_1,AGCACCTC,AGTCACTA,Fwd_15,Rev_15,Fwd_15-Rev_15
100:1_R_A,MixA,100_1,TTCACGCA,ATCCTGTA,Fwd_14,Rev_16,Fwd_14-Rev_16
100:1_R_B,MixB,100_1,CAAGGAGC,ACGCTCGA,Fwd_16,Rev_14,Fwd_16-Rev_14
1000:1_A,MixA,1000_1,TGGTGGTA,AGTCACTA,Fwd_13,Rev_15,Fwd_13-Rev_15
1000:1_B,MixB,1000_1,AGCACCTC,ATGCCTAA,Fwd_15,Rev_13,Fwd_15-Rev_13
1000:1_R_A,MixA,1000_1,TTCACGCA,ACGCTCGA,Fwd_14,Rev_14,Fwd_14-Rev_14
1000:1_R_B,MixB,1000_1,AGCACCTC,GACAGTGC,Fwd_15,Rev_24,Fwd_15-Rev_24
50:1_A,MixA,50_1,TGGTGGTA,CTGGCATA,Fwd_13,Rev_18,Fwd_13-Rev_18
50:1_B,MixB,50_1,AGCACCTC,ATCCTGTA,Fwd_15,Rev_16,Fwd_15-Rev_16
50:1_R_A,MixA,50_1,TTCACGCA,CGCATACA,Fwd_14,Rev_17,Fwd_14-Rev_17
50:1_R_B,MixB,50_1,CAAGGAGC,AGTCACTA,Fwd_16,Rev_15,Fwd_16-Rev_15
500:1_A,MixA,500_1,TGGTGGTA,ATCCTGTA,Fwd_13,Rev_16,Fwd_13-Rev_16
500:1_B,MixB,500_1,AGCACCTC,ACGCTCGA,Fwd_15,Rev_14,Fwd_15-Rev_14
500:1_R_A,MixA,500_1,TTCACGCA,AGTCACTA,Fwd_14,Rev_15,Fwd_14-Rev_15
500:1_R_B,MixB,500_1,CAAGGAGC,ATGCCTAA,Fwd_16,Rev_13,Fwd_16-Rev_13
7.13_Pv,Pv9,Pv9,CAAGGAGC,GATAGACA,Fwd_16,Rev_19,Fwd_16-Rev_19
7.13_Pv_R,Pv9,Pv9,CAAGGAGC,CCTAATCC,Fwd_16,Rev_23,Fwd_16-Rev_23
71.3_Pv,Pv9,Pv9,CAAGGAGC,CTGGCATA,Fwd_16,Rev_18,Fwd_16-Rev_18
71.3_Pv_R,Pv9,Pv9,CAAGGAGC,TCCGTCTA,Fwd_16,Rev_22,Fwd_16-Rev_22
713_Pv,Pv9,Pv9,CAAGGAGC,CGCATACA,Fwd_16,Rev_17,Fwd_16-Rev_17
713_Pv_R,Pv9,Pv9,CAAGGAGC,GTGTTCTA,Fwd_16,Rev_21,Fwd_16-Rev_21
AR-002-0,AR-002,0,TAGATCGC,ATGCCTAA,Fwd_1,Rev_13,Fwd_1-Rev_13
AR-006-0,AR-006,0,TAGATCGC,ACGCTCGA,Fwd_1,Rev_14,Fwd_1-Rev_14
AR-006-2,AR-006,2,GCGAGTAA,AGGCAGAA,Fwd_11,Rev_3,Fwd_11-Rev_3
AR-007-0,AR-007,0,TAGATCGC,AGTCACTA,Fwd_1,Rev_15,Fwd_1-Rev_15
AR-007-28,AR-007,28,GCGAGTAA,GGACTCCT,Fwd_11,Rev_5,Fwd_11-Rev_5
AR-007-3,AR-007,3,GCGAGTAA,TCCTGAGC,Fwd_11,Rev_4,Fwd_11-Rev_4
AR-007-42,AR-007,42,GCGAGTAA,CTCTCTAC,Fwd_11,Rev_7,Fwd_11-Rev_7
AR-007-84,AR-007,84,GCGAGTAA,CAGAGAGG,Fwd_11,Rev_8,Fwd_11-Rev_8
AR-008-0,AR-008,0,TAGATCGC,ATCCTGTA,Fwd_1,Rev_16,Fwd_1-Rev_16
AR-008-2,AR-008,2,GCGAGTAA,GCTACGCT,Fwd_11,Rev_9,Fwd_11-Rev_9
AR-008-3,AR-008,3,GCGAGTAA,TAGGCATG,Fwd_11,Rev_6,Fwd_11-Rev_6
AR-009-0,AR-009,0,TAGATCGC,CGCATACA,Fwd_1,Rev_17,Fwd_1-Rev_17
AR-013-140,AR-013,140,GCGAGTAA,ATGCCTAA,Fwd_11,Rev_13,Fwd_11-Rev_13
AR-015-0,AR-015,0,TAGATCGC,CTGGCATA,Fwd_1,Rev_18,Fwd_1-Rev_18
AR-015-84,AR-015,84,GCGAGTAA,CGAGGCTG,Fwd_11,Rev_10,Fwd_11-Rev_10
AR-023-0,AR-023,0,TAGATCGC,GATAGACA,Fwd_1,Rev_19,Fwd_1-Rev_19
AR-023-56,AR-023,56,TGAAGAGA,CGTACTAG,Fwd_12,Rev_2,Fwd_12-Rev_2
AR-023-70,AR-023,70,TGAAGAGA,AGGCAGAA,Fwd_12,Rev_3,Fwd_12-Rev_3
AR-024-0,AR-024,0,TAGATCGC,GCTAACGA,Fwd_1,Rev_20,Fwd_1-Rev_20
AR-024-112,AR-024,112,TGAAGAGA,TAAGGCGA,Fwd_12,Rev_1,Fwd_12-Rev_1
AR-024-56,AR-024,56,GCGAGTAA,GTAGAGGA,Fwd_11,Rev_12,Fwd_11-Rev_12
AR-024-70,AR-024,70,CCGAAGTA,CTGGCATA,Fwd_9,Rev_18,Fwd_9-Rev_18
AR-024-84,AR-024,84,GAGCTGAA,GATAGACA,Fwd_10,Rev_19,Fwd_10-Rev_19
AR-028-0,AR-028,0,TAGATCGC,GTGTTCTA,Fwd_1,Rev_21,Fwd_1-Rev_21
AR-028-112,AR-028,112,TGAAGAGA,GGACTCCT,Fwd_12,Rev_5,Fwd_12-Rev_5
AR-028-84,AR-028,84,TGAAGAGA,TCCTGAGC,Fwd_12,Rev_4,Fwd_12-Rev_4
AR-041-0,AR-041,0,TAGATCGC,TCCGTCTA,Fwd_1,Rev_22,Fwd_1-Rev_22
AR-041-56,AR-041,56,GCGAGTAA,AAGAGGCA,Fwd_11,Rev_11,Fwd_11-Rev_11
AR-045-0,AR-045,0,TAGATCGC,CCTAATCC,Fwd_1,Rev_23,Fwd_1-Rev_23
AR-056-0,AR-056,0,TAGATCGC,GACAGTGC,Fwd_1,Rev_24,Fwd_1-Rev_24
AR-056-42,AR-056,42,TGAAGAGA,TAGGCATG,Fwd_12,Rev_6,Fwd_12-Rev_6
AR-064-0,AR-064,0,CTCTCTAT,ATGCCTAA,Fwd_2,Rev_13,Fwd_2-Rev_13
AR-067-0,AR-067,0,CTCTCTAT,ACGCTCGA,Fwd_2,Rev_14,Fwd_2-Rev_14
AR-067-1,AR-067,1,GCGAGTAA,GATAGACA,Fwd_11,Rev_19,Fwd_11-Rev_19
AR-067-2,AR-067,2,GCGAGTAA,GCTAACGA,Fwd_11,Rev_20,Fwd_11-Rev_20
AR-067-42,AR-067,42,GCGAGTAA,CTGGCATA,Fwd_11,Rev_18,Fwd_11-Rev_18
AR-079-0,AR-079,0,CTCTCTAT,AGTCACTA,Fwd_2,Rev_15,Fwd_2-Rev_15
AR-081-0,AR-081,0,CTCTCTAT,ATCCTGTA,Fwd_2,Rev_16,Fwd_2-Rev_16
AR-081-140,AR-081,140,TGAAGAGA,AAGAGGCA,Fwd_12,Rev_11,Fwd_12-Rev_11
AR-081-168,AR-081,168,TGAAGAGA,GATAGACA,Fwd_12,Rev_19,Fwd_12-Rev_19
AR-081-84,AR-081,84,TGAAGAGA,CGAGGCTG,Fwd_12,Rev_10,Fwd_12-Rev_10
AR-082-0,AR-082,0,CTCTCTAT,CGCATACA,Fwd_2,Rev_17,Fwd_2-Rev_17
AR-083-0,AR-083,0,CTCTCTAT,CTGGCATA,Fwd_2,Rev_18,Fwd_2-Rev_18
AR-093-0,AR-093,0,CTCTCTAT,GATAGACA,Fwd_2,Rev_19,Fwd_2-Rev_19
AR-093-2,AR-093,2,TGAAGAGA,GTAGAGGA,Fwd_12,Rev_12,Fwd_12-Rev_12
AR-096-0,AR-096,0,CTCTCTAT,GCTAACGA,Fwd_2,Rev_20,Fwd_2-Rev_20
AR-096-140,AR-096,140,TGGTGGTA,GGACTCCT,Fwd_13,Rev_5,Fwd_13-Rev_5
AR-096-168,AR-096,168,CTAAGCCT,GATAGACA,Fwd_8,Rev_19,Fwd_8-Rev_19
AR-096-2,AR-096,2,TGGTGGTA,TAAGGCGA,Fwd_13,Rev_1,Fwd_13-Rev_1
AR-096-56,AR-096,56,TGGTGGTA,CGTACTAG,Fwd_13,Rev_2,Fwd_13-Rev_2
AR-096-70,AR-096,70,TGGTGGTA,AGGCAGAA,Fwd_13,Rev_3,Fwd_13-Rev_3
AR-096-84,AR-096,84,TGGTGGTA,TCCTGAGC,Fwd_13,Rev_4,Fwd_13-Rev_4
AR-097-0,AR-097,0,CTCTCTAT,GTGTTCTA,Fwd_2,Rev_21,Fwd_2-Rev_21
AR-098-0,AR-098,0,CTCTCTAT,TCCGTCTA,Fwd_2,Rev_22,Fwd_2-Rev_22
AR-098-56,AR-098,56,CTAAGCCT,GCTAACGA,Fwd_8,Rev_20,Fwd_8-Rev_20
AR-100-112,AR-100,112,GCGAGTAA,ACGCTCGA,Fwd_11,Rev_14,Fwd_11-Rev_14
AR-100-140,AR-100,140,GCGAGTAA,AGTCACTA,Fwd_11,Rev_15,Fwd_11-Rev_15
AR-101-0,AR-101,0,CTCTCTAT,CCTAATCC,Fwd_2,Rev_23,Fwd_2-Rev_23
AR-101-42,AR-101,42,TGAAGAGA,CTCTCTAC,Fwd_12,Rev_7,Fwd_12-Rev_7
AR-104-0,AR-104,0,CTCTCTAT,GACAGTGC,Fwd_2,Rev_24,Fwd_2-Rev_24
AR-105-0,AR-105,0,TATCCTCT,ATGCCTAA,Fwd_3,Rev_13,Fwd_3-Rev_13
AR-109-0,AR-109,0,TATCCTCT,ACGCTCGA,Fwd_3,Rev_14,Fwd_3-Rev_14
AR-109-84,AR-109,84,TGAAGAGA,GCTACGCT,Fwd_12,Rev_9,Fwd_12-Rev_9
AR-110-0,AR-110,0,TATCCTCT,AGTCACTA,Fwd_3,Rev_15,Fwd_3-Rev_15
AR-110-84,AR-110,84,TGAAGAGA,CAGAGAGG,Fwd_12,Rev_8,Fwd_12-Rev_8
AR-113-0,AR-113,0,TATCCTCT,ATCCTGTA,Fwd_3,Rev_16,Fwd_3-Rev_16
AR-113-112,AR-113,112,GCGAGTAA,ATCCTGTA,Fwd_11,Rev_16,Fwd_11-Rev_16
AR-113-140,AR-113,140,GCGAGTAA,CGCATACA,Fwd_11,Rev_17,Fwd_11-Rev_17
AR-122-0,AR-122,0,TATCCTCT,CGCATACA,Fwd_3,Rev_17,Fwd_3-Rev_17
AR-122-70,AR-122,70,TGGTGGTA,TAGGCATG,Fwd_13,Rev_6,Fwd_13-Rev_6
AR-126-0,AR-126,0,TATCCTCT,CTGGCATA,Fwd_3,Rev_18,Fwd_3-Rev_18
AR-126-84,AR-126,84,TGGTGGTA,CTCTCTAC,Fwd_13,Rev_7,Fwd_13-Rev_7
AR-129-0,AR-129,0,TATCCTCT,GATAGACA,Fwd_3,Rev_19,Fwd_3-Rev_19
AR-129-42,AR-129,42,TGGTGGTA,GTAGAGGA,Fwd_13,Rev_12,Fwd_13-Rev_12
AR-133-0,AR-133,0,TATCCTCT,GCTAACGA,Fwd_3,Rev_20,Fwd_3-Rev_20
AR-133-140,AR-133,140,TTCACGCA,CGTACTAG,Fwd_14,Rev_2,Fwd_14-Rev_2
AR-133-84,AR-133,84,TTCACGCA,TAAGGCGA,Fwd_14,Rev_1,Fwd_14-Rev_1
AR-140-0,AR-140,0,TATCCTCT,GTGTTCTA,Fwd_3,Rev_21,Fwd_3-Rev_21
AR-140-112,AR-140,112,CCGAAGTA,TAAGGCGA,Fwd_9,Rev_1,Fwd_9-Rev_1
AR-140-56,AR-140,56,TTCACGCA,AGGCAGAA,Fwd_14,Rev_3,Fwd_14-Rev_3
AR-140-70,AR-140,70,TTCACGCA,TCCTGAGC,Fwd_14,Rev_4,Fwd_14-Rev_4
AR-140-84,AR-140,84,TTCACGCA,GGACTCCT,Fwd_14,Rev_5,Fwd_14-Rev_5
AR-142-0,AR-142,0,TATCCTCT,TCCGTCTA,Fwd_3,Rev_22,Fwd_3-Rev_22
AR-142-42,AR-142,42,TTCACGCA,TAGGCATG,Fwd_14,Rev_6,Fwd_14-Rev_6
AR-142-46,AR-142,46,CCGAAGTA,CGTACTAG,Fwd_9,Rev_2,Fwd_9-Rev_2
AR-142-97,AR-142,97,CCGAAGTA,AGGCAGAA,Fwd_9,Rev_3,Fwd_9-Rev_3
AR-145-0,AR-145,0,GAGCTGAA,GTAGAGGA,Fwd_10,Rev_12,Fwd_10-Rev_12
AR-150-0,AR-150,0,TATCCTCT,CCTAATCC,Fwd_3,Rev_23,Fwd_3-Rev_23
AR-150-140,AR-150,140,TTCACGCA,AAGAGGCA,Fwd_14,Rev_11,Fwd_14-Rev_11
AR-150-84,AR-150,84,TTCACGCA,CGAGGCTG,Fwd_14,Rev_10,Fwd_14-Rev_10
AR-160-0,AR-160,0,TATCCTCT,GACAGTGC,Fwd_3,Rev_24,Fwd_3-Rev_24
AR-160-84,AR-160,84,TGAAGAGA,GCTAACGA,Fwd_12,Rev_20,Fwd_12-Rev_20
AR-163-0,AR-163,0,AGAGTAGA,ATGCCTAA,Fwd_4,Rev_13,Fwd_4-Rev_13
AR-164-0,AR-164,0,AGAGTAGA,ACGCTCGA,Fwd_4,Rev_14,Fwd_4-Rev_14
AR-173-0,AR-173,0,AGAGTAGA,AGTCACTA,Fwd_4,Rev_15,Fwd_4-Rev_15
AR-173-28,AR-173,28,TTCACGCA,CTCTCTAC,Fwd_14,Rev_7,Fwd_14-Rev_7
AR-176-0,AR-176,0,AGAGTAGA,ATCCTGTA,Fwd_4,Rev_16,Fwd_4-Rev_16
AR-176-28,AR-176,28,CCGAAGTA,GGACTCCT,Fwd_9,Rev_5,Fwd_9-Rev_5
AR-176-33,AR-176,33,CCGAAGTA,TAGGCATG,Fwd_9,Rev_6,Fwd_9-Rev_6
AR-179-0,AR-179,0,AGAGTAGA,CGCATACA,Fwd_4,Rev_17,Fwd_4-Rev_17
AR-179-84,AR-179,84,GCGAGTAA,TCCGTCTA,Fwd_11,Rev_22,Fwd_11-Rev_22
AR-180-0,AR-180,0,AGAGTAGA,CTGGCATA,Fwd_4,Rev_18,Fwd_4-Rev_18
AR-180-140,AR-180,140,TTCACGCA,GCTACGCT,Fwd_14,Rev_9,Fwd_14-Rev_9
AR-180-84,AR-180,84,TTCACGCA,CAGAGAGG,Fwd_14,Rev_8,Fwd_14-Rev_8
AR-182-0,AR-182,0,AGAGTAGA,GATAGACA,Fwd_4,Rev_19,Fwd_4-Rev_19
AR-187-0,AR-187,0,AGAGTAGA,GCTAACGA,Fwd_4,Rev_20,Fwd_4-Rev_20
AR-187-112,AR-187,112,GAGCTGAA,CGCATACA,Fwd_10,Rev_17,Fwd_10-Rev_17
AR-187-140,AR-187,140,GAGCTGAA,CTGGCATA,Fwd_10,Rev_18,Fwd_10-Rev_18
AR-187-168,AR-187,168,CCGAAGTA,CTCTCTAC,Fwd_9,Rev_7,Fwd_9-Rev_7
AR-187-28,AR-187,28,CCGAAGTA,GACAGTGC,Fwd_9,Rev_24,Fwd_9-Rev_24
AR-187-42,AR-187,42,GAGCTGAA,ATGCCTAA,Fwd_10,Rev_13,Fwd_10-Rev_13
AR-187-56,AR-187,56,GAGCTGAA,ACGCTCGA,Fwd_10,Rev_14,Fwd_10-Rev_14
AR-187-70,AR-187,70,GAGCTGAA,AGTCACTA,Fwd_10,Rev_15,Fwd_10-Rev_15
AR-187-84,AR-187,84,GAGCTGAA,ATCCTGTA,Fwd_10,Rev_16,Fwd_10-Rev_16
AR-188-0,AR-188,0,AGAGTAGA,GTGTTCTA,Fwd_4,Rev_21,Fwd_4-Rev_21
AR-188-56,AR-188,56,GAGCTGAA,GACAGTGC,Fwd_10,Rev_24,Fwd_10-Rev_24
AR-190-0,AR-190,0,AGAGTAGA,TCCGTCTA,Fwd_4,Rev_22,Fwd_4-Rev_22
AR-190-140,AR-190,140,CCGAAGTA,CCTAATCC,Fwd_9,Rev_23,Fwd_9-Rev_23
AR-192-0,AR-192,0,AGAGTAGA,CCTAATCC,Fwd_4,Rev_23,Fwd_4-Rev_23
AR-192-70,AR-192,70,CCGAAGTA,CAGAGAGG,Fwd_9,Rev_8,Fwd_9-Rev_8
AR-195-0,AR-195,0,AGAGTAGA,GACAGTGC,Fwd_4,Rev_24,Fwd_4-Rev_24
AR-195-70,AR-195,70,CCGAAGTA,GCTACGCT,Fwd_9,Rev_9,Fwd_9-Rev_9
AR-209-0,AR-209,0,GTAAGGAG,ATGCCTAA,Fwd_5,Rev_13,Fwd_5-Rev_13
AR-209-42,AR-209,42,CCGAAGTA,CGAGGCTG,Fwd_9,Rev_10,Fwd_9-Rev_10
AR-213-0,AR-213,0,GTAAGGAG,ACGCTCGA,Fwd_5,Rev_14,Fwd_5-Rev_14
AR-213-28,AR-213,28,TGAAGAGA,AGTCACTA,Fwd_12,Rev_15,Fwd_12-Rev_15
AR-213-42,AR-213,42,TGAAGAGA,ATCCTGTA,Fwd_12,Rev_16,Fwd_12-Rev_16
AR-213-56,AR-213,56,TGAAGAGA,CGCATACA,Fwd_12,Rev_17,Fwd_12-Rev_17
AR-213-84,AR-213,84,GAGCTGAA,GTGTTCTA,Fwd_10,Rev_21,Fwd_10-Rev_21
AR-214-0,AR-214,0,GTAAGGAG,AGTCACTA,Fwd_5,Rev_15,Fwd_5-Rev_15
AR-214-28,AR-214,28,CCGAAGTA,AAGAGGCA,Fwd_9,Rev_11,Fwd_9-Rev_11
AR-214-64,AR-214,64,CCGAAGTA,GTAGAGGA,Fwd_9,Rev_12,Fwd_9-Rev_12
AR-221-0,AR-221,0,GTAAGGAG,ATCCTGTA,Fwd_5,Rev_16,Fwd_5-Rev_16
AR-221-70,AR-221,70,GAGCTGAA,TAAGGCGA,Fwd_10,Rev_1,Fwd_10-Rev_1
AR-232-0,AR-232,0,GTAAGGAG,CGCATACA,Fwd_5,Rev_17,Fwd_5-Rev_17
AR-232-168,AR-232,168,GAGCTGAA,CGTACTAG,Fwd_10,Rev_2,Fwd_10-Rev_2
AR-234-0,AR-234,0,GTAAGGAG,CTGGCATA,Fwd_5,Rev_18,Fwd_5-Rev_18
AR-234-112,AR-234,112,GAGCTGAA,CCTAATCC,Fwd_10,Rev_23,Fwd_10-Rev_23
AR-237-0,AR-237,0,GTAAGGAG,GATAGACA,Fwd_5,Rev_19,Fwd_5-Rev_19
AR-237-56,AR-237,56,CCGAAGTA,GTGTTCTA,Fwd_9,Rev_21,Fwd_9-Rev_21
AR-237-70,AR-237,70,CCGAAGTA,TCCGTCTA,Fwd_9,Rev_22,Fwd_9-Rev_22
AR-240-0,AR-240,0,GTAAGGAG,GCTAACGA,Fwd_5,Rev_20,Fwd_5-Rev_20
AR-240-70,AR-240,70,CAAGGAGC,CGTACTAG,Fwd_16,Rev_2,Fwd_16-Rev_2
AR-246-0,AR-246,0,GTAAGGAG,GTGTTCTA,Fwd_5,Rev_21,Fwd_5-Rev_21
AR-246-112,AR-246,112,CAAGGAGC,TCCTGAGC,Fwd_16,Rev_4,Fwd_16-Rev_4
AR-246-70,AR-246,70,CAAGGAGC,GGACTCCT,Fwd_16,Rev_5,Fwd_16-Rev_5
AR-246-84,AR-246,84,CAAGGAGC,AGGCAGAA,Fwd_16,Rev_3,Fwd_16-Rev_3
AR-248-0,AR-248,0,GTAAGGAG,TCCGTCTA,Fwd_5,Rev_22,Fwd_5-Rev_22
AR-248-84,AR-248,84,TGAAGAGA,ATGCCTAA,Fwd_12,Rev_13,Fwd_12-Rev_13
AR-249-0,AR-249,0,GTAAGGAG,CCTAATCC,Fwd_5,Rev_23,Fwd_5-Rev_23
AR-249-42,AR-249,42,GAGCTGAA,GGACTCCT,Fwd_10,Rev_5,Fwd_10-Rev_5
AR-250-0,AR-250,0,GTAAGGAG,GACAGTGC,Fwd_5,Rev_24,Fwd_5-Rev_24
AR-250-56,AR-250,56,CAAGGAGC,TAGGCATG,Fwd_16,Rev_6,Fwd_16-Rev_6
AR-252-0,AR-252,0,ACTGCATA,ATGCCTAA,Fwd_6,Rev_13,Fwd_6-Rev_13
AR-252-42,AR-252,42,CAAGGAGC,CTCTCTAC,Fwd_16,Rev_7,Fwd_16-Rev_7
AR-255-0,AR-255,0,ACTGCATA,ACGCTCGA,Fwd_6,Rev_14,Fwd_6-Rev_14
AR-255-70,AR-255,70,CAAGGAGC,CAGAGAGG,Fwd_16,Rev_8,Fwd_16-Rev_8
AR-258-0,AR-258,0,ACTGCATA,AGTCACTA,Fwd_6,Rev_15,Fwd_6-Rev_15
AR-258-140,AR-258,140,CAAGGAGC,GCTACGCT,Fwd_16,Rev_9,Fwd_16-Rev_9
AR-264-0,AR-264,0,ACTGCATA,ATCCTGTA,Fwd_6,Rev_16,Fwd_6-Rev_16
AR-264-56,AR-264,56,CAAGGAGC,CGAGGCTG,Fwd_16,Rev_10,Fwd_16-Rev_10
AR-264-70,AR-264,70,GAGCTGAA,AGGCAGAA,Fwd_10,Rev_3,Fwd_10-Rev_3
AR-265-0,AR-265,0,ACTGCATA,CGCATACA,Fwd_6,Rev_17,Fwd_6-Rev_17
AR-265-112,AR-265,112,GAGCTGAA,TCCTGAGC,Fwd_10,Rev_4,Fwd_10-Rev_4
AR-270-0,AR-270,0,ACTGCATA,CTGGCATA,Fwd_6,Rev_18,Fwd_6-Rev_18
AR-270-140,AR-270,140,CCGAAGTA,ATGCCTAA,Fwd_9,Rev_13,Fwd_9-Rev_13
AR-270-56,AR-270,56,CAAGGAGC,GTAGAGGA,Fwd_16,Rev_12,Fwd_16-Rev_12
AR-270-84,AR-270,84,CAAGGAGC,AAGAGGCA,Fwd_16,Rev_11,Fwd_16-Rev_11
AR-274-0,AR-274,0,ACTGCATA,GATAGACA,Fwd_6,Rev_19,Fwd_6-Rev_19
AR-274-56,AR-274,56,CCGAAGTA,ATCCTGTA,Fwd_9,Rev_16,Fwd_9-Rev_16
AR-288-0,AR-288,0,ACTGCATA,GCTAACGA,Fwd_6,Rev_20,Fwd_6-Rev_20
AR-288-56,AR-288,56,TGAAGAGA,ACGCTCGA,Fwd_12,Rev_14,Fwd_12-Rev_14
AR-288-70,AR-288,70,GAGCTGAA,TCCGTCTA,Fwd_10,Rev_22,Fwd_10-Rev_22
AR-292-0,AR-292,0,ACTGCATA,GTGTTCTA,Fwd_6,Rev_21,Fwd_6-Rev_21
AR-292-112,AR-292,112,CCGAAGTA,ACGCTCGA,Fwd_9,Rev_14,Fwd_9-Rev_14
AR-292-140,AR-292,140,CCGAAGTA,AGTCACTA,Fwd_9,Rev_15,Fwd_9-Rev_15
AR-300-0,AR-300,0,ACTGCATA,TCCGTCTA,Fwd_6,Rev_22,Fwd_6-Rev_22
AR-300-84,AR-300,84,CCGAAGTA,CGCATACA,Fwd_9,Rev_17,Fwd_9-Rev_17
AR-302-0,AR-302,0,ACTGCATA,CCTAATCC,Fwd_6,Rev_23,Fwd_6-Rev_23
AR-302-70,AR-302,70,GAGCTGAA,CAGAGAGG,Fwd_10,Rev_8,Fwd_10-Rev_8
AR-304-0,AR-304,0,ACTGCATA,GACAGTGC,Fwd_6,Rev_24,Fwd_6-Rev_24
AR-304-28,AR-304,28,TGAAGAGA,CTGGCATA,Fwd_12,Rev_18,Fwd_12-Rev_18
AR-306-0,AR-306,0,AAGGAGTA,ATGCCTAA,Fwd_7,Rev_13,Fwd_7-Rev_13
AR-306-140,AR-306,140,GAGCTGAA,CTCTCTAC,Fwd_10,Rev_7,Fwd_10-Rev_7
AR-306-84,AR-306,84,CCGAAGTA,GATAGACA,Fwd_9,Rev_19,Fwd_9-Rev_19
AR-306-85,AR-306,85,GAGCTGAA,TAGGCATG,Fwd_10,Rev_6,Fwd_10-Rev_6
AR-322-0,AR-322,0,AAGGAGTA,ACGCTCGA,Fwd_7,Rev_14,Fwd_7-Rev_14
AR-322-140,AR-322,140,GCGAGTAA,CGTACTAG,Fwd_11,Rev_2,Fwd_11-Rev_2
AR-325-0,AR-325,0,AAGGAGTA,AGTCACTA,Fwd_7,Rev_15,Fwd_7-Rev_15
AR-325-140,AR-325,140,AGCACCTC,CAGAGAGG,Fwd_15,Rev_8,Fwd_15-Rev_8
AR-326-0,AR-326,0,AAGGAGTA,ATCCTGTA,Fwd_7,Rev_16,Fwd_7-Rev_16
AR-326-168,AR-326,168,GCGAGTAA,TAAGGCGA,Fwd_11,Rev_1,Fwd_11-Rev_1
AR-328-0,AR-328,0,AAGGAGTA,CGCATACA,Fwd_7,Rev_17,Fwd_7-Rev_17
AR-328-112,AR-328,112,AGCACCTC,AAGAGGCA,Fwd_15,Rev_11,Fwd_15-Rev_11
AR-328-140,AR-328,140,AGCACCTC,GTAGAGGA,Fwd_15,Rev_12,Fwd_15-Rev_12
AR-328-70,AR-328,70,AGCACCTC,GCTACGCT,Fwd_15,Rev_9,Fwd_15-Rev_9
AR-328-84,AR-328,84,AGCACCTC,CGAGGCTG,Fwd_15,Rev_10,Fwd_15-Rev_10
AR-331-0,AR-331,0,AAGGAGTA,CTGGCATA,Fwd_7,Rev_18,Fwd_7-Rev_18
AR-331-140,AR-331,140,CAAGGAGC,TAAGGCGA,Fwd_16,Rev_1,Fwd_16-Rev_1
AR-341-0,AR-341,0,AAGGAGTA,GATAGACA,Fwd_7,Rev_19,Fwd_7-Rev_19
AR-341-84,AR-341,84,GAGCTGAA,GCTACGCT,Fwd_10,Rev_9,Fwd_10-Rev_9
AR-343-0,AR-343,0,AAGGAGTA,GCTAACGA,Fwd_7,Rev_20,Fwd_7-Rev_20
AR-343-112,AR-343,112,GAGCTGAA,CGAGGCTG,Fwd_10,Rev_10,Fwd_10-Rev_10
AR-345-0,AR-345,0,AAGGAGTA,GTGTTCTA,Fwd_7,Rev_21,Fwd_7-Rev_21
AR-345-112,AR-345,112,CTAAGCCT,GTGTTCTA,Fwd_8,Rev_21,Fwd_8-Rev_21
AR-346-0,AR-346,0,AAGGAGTA,TCCGTCTA,Fwd_7,Rev_22,Fwd_7-Rev_22
AR-346-112,AR-346,112,CTAAGCCT,TCCGTCTA,Fwd_8,Rev_22,Fwd_8-Rev_22
AR-348-0,AR-348,0,AAGGAGTA,CCTAATCC,Fwd_7,Rev_23,Fwd_7-Rev_23
AR-348-84,AR-348,84,CTAAGCCT,CCTAATCC,Fwd_8,Rev_23,Fwd_8-Rev_23
AR-355-0,AR-355,0,AAGGAGTA,GACAGTGC,Fwd_7,Rev_24,Fwd_7-Rev_24
AR-355-112,AR-355,112,GCGAGTAA,CCTAATCC,Fwd_11,Rev_23,Fwd_11-Rev_23
AR-355-140,AR-355,140,GCGAGTAA,GACAGTGC,Fwd_11,Rev_24,Fwd_11-Rev_24
AR-359-0,AR-359,0,CTAAGCCT,ATGCCTAA,Fwd_8,Rev_13,Fwd_8-Rev_13
AR-359-112,AR-359,112,AGCACCTC,CTCTCTAC,Fwd_15,Rev_7,Fwd_15-Rev_7
AR-359-140,AR-359,140,AGCACCTC,AGGCAGAA,Fwd_15,Rev_3,Fwd_15-Rev_3
AR-359-42,AR-359,42,AGCACCTC,TCCTGAGC,Fwd_15,Rev_4,Fwd_15-Rev_4
AR-359-56,AR-359,56,AGCACCTC,GGACTCCT,Fwd_15,Rev_5,Fwd_15-Rev_5
AR-359-70,AR-359,70,AGCACCTC,TAGGCATG,Fwd_15,Rev_6,Fwd_15-Rev_6
AR-366-0,AR-366,0,CTAAGCCT,ACGCTCGA,Fwd_8,Rev_14,Fwd_8-Rev_14
AR-366-168,AR-366,168,GAGCTGAA,AAGAGGCA,Fwd_10,Rev_11,Fwd_10-Rev_11
AR-366-56,AR-366,56,TGGTGGTA,CAGAGAGG,Fwd_13,Rev_8,Fwd_13-Rev_8
AR-366-70,AR-366,70,TGGTGGTA,GCTACGCT,Fwd_13,Rev_9,Fwd_13-Rev_9
AR-367-0,AR-367,0,CTAAGCCT,AGTCACTA,Fwd_8,Rev_15,Fwd_8-Rev_15
AR-367-140,AR-367,140,TGGTGGTA,CGAGGCTG,Fwd_13,Rev_10,Fwd_13-Rev_10
AR-374-0,AR-374,0,CTAAGCCT,ATCCTGTA,Fwd_8,Rev_16,Fwd_8-Rev_16
AR-374-112,AR-374,112,TGGTGGTA,AAGAGGCA,Fwd_13,Rev_11,Fwd_13-Rev_11
AR-382-0,AR-382,0,CTAAGCCT,CGCATACA,Fwd_8,Rev_17,Fwd_8-Rev_17
AR-382-168,AR-382,168,CTAAGCCT,GACAGTGC,Fwd_8,Rev_24,Fwd_8-Rev_24
AR-383-0,AR-383,0,CTAAGCCT,CTGGCATA,Fwd_8,Rev_18,Fwd_8-Rev_18
AR-383-112,AR-383,112,GCGAGTAA,GTGTTCTA,Fwd_11,Rev_21,Fwd_11-Rev_21
AR-383-168,AR-383,168,GAGCTGAA,GCTAACGA,Fwd_10,Rev_20,Fwd_10-Rev_20
Blank,Blank,Blank,AGCACCTC,TAAGGCGA,Fwd_15,Rev_1,Fwd_15-Rev_1
Blank,Blank,Blank,AGCACCTC,CGTACTAG,Fwd_15,Rev_2,Fwd_15-Rev_2
Blank,Blank,Blank,TTCACGCA,GTAGAGGA,Fwd_14,Rev_12,Fwd_14-Rev_12
Blank,Blank,Blank,CCGAAGTA,GCTAACGA,Fwd_9,Rev_20,Fwd_9-Rev_20
H20,H20,H20,CCGAAGTA,TCCTGAGC,Fwd_9,Rev_4,Fwd_9-Rev_4
